,Laptop_BRAND,Laptop model name,Device color,Number of ratings,Number of reviews,RAM,ROM,DISPLAY,Discounted_Price,Original_Price,Discount %
0,DIZO,DIZO Star 500,,"12,421","1,467",32 MB,32 MB,,"1,899","79,900",14
1,APPLE,APPLE iPhone 14,Midnight,"4,247",163,,128 GB,15.49 cm (6.1 inch) Super Retina XDR Display,"67,999","14,999",40
2,REDMI,REDMI 10 ,PacificBlue,"1,70,664","10,998",4 GB,64 GB,,"8,999","14,999",40
3,REDMI,REDMI 10 ,CaribbeanGreen,"1,70,664","10,998",4 GB,64 GB,,"8,999","79,900",14
4,APPLE,APPLE iPhone 14,Blue,"4,247",163,,128 GB,15.49 cm (6.1 inch) Super Retina XDR Display,"67,999","14,999",20
5,SAMSUNG,SAMSUNG Galaxy F13,NightskyGreen,"1,11,744","6,424",4 GB,64 GB,,"11,999","43,900",13
6,APPLE,APPLE iPhone 11,White,"1,78,400","10,573",,64 GB,15.49 cm (6.1 inch) Liquid Retina HD Display,"37,999","19,999",40
7,POCO,POCO M4 Pro,CoolBlue,"1,34,237","12,247",6 GB,128 GB,,"11,999","17,999",38
8,POCO,POCO M4 Pro,CoolBlue,"1,34,237","12,247",6 GB,64 GB,,"10,999","16,999",11
9,POCO,POCO M4 Pro5G,CoolBlue,"35,159","3,125",4 GB,64 GB,,"14,999","43,900",13
10,APPLE,APPLE iPhone 11,Black,"1,78,400","10,573",,64 GB,15.49 cm (6.1 inch) Liquid Retina HD Display,"37,999","17,999",38
11,POCO,POCO M4 Pro,Yellow,"1,34,237","12,247",6 GB,64 GB,,"10,999","19,999",40
12,POCO,POCO M4 Pro,Yellow,"1,34,237","12,247",6 GB,128 GB,,"11,999","11,999",37
13,POCO,POCO C31 ,RoyalBlue,"1,87,995","11,329",4 GB,64 GB,,"7,499","23,999",37
14,SAMSUNG,SAMSUNG Galaxy F235G,ForestGreen,"1,40,978","11,531",6 GB,128 GB,,"14,999","10,999",27
15,MOTOROLA,MOTOROLA e40 ,CarbonGray,"59,846","5,853",4 GB,64 GB,,"7,999","16,999",23
16,SAMSUNG,SAMSUNG Galaxy F13,NightskyGreen,"1,11,744","6,424",4 GB,128 GB,,"12,999","11,999",37
17,POCO,POCO C31 ,ShadowGray,"1,87,995","11,329",4 GB,64 GB,,"7,499","14,999",20
18,SAMSUNG,SAMSUNG Galaxy F13,SunriseCopper,"1,11,744","6,424",4 GB,64 GB,,"11,999","10,999",27
19,MOTOROLA,MOTOROLA e40 ,PinkClay,"59,846","5,853",4 GB,64 GB,,"7,999","14,999",20
20,SAMSUNG,SAMSUNG Galaxy F13,WaterfallBlue,"1,11,744","6,424",4 GB,64 GB,,"11,999","19,999",15
21,POCO,POCO M4 Pro5G,CoolBlue,"43,191","3,849",6 GB,128 GB,,"16,999","9,999",28
22,REDMI,REDMI 9i Sport,CarbonBlack,"2,16,491","12,210",4 GB,64 GB,,"7,199","23,999",37
23,DIZO,DIZO Star 500,,"12,421","1,467",32 MB,32 MB,,"1,899","79,900",14
24,APPLE,APPLE iPhone 14,Midnight,"4,247",163,,128 GB,15.49 cm (6.1 inch) Super Retina XDR Display,"67,999","14,999",40
25,REDMI,REDMI 10 ,PacificBlue,"1,70,664","10,998",4 GB,64 GB,,"8,999","14,999",40
26,REDMI,REDMI 10 ,CaribbeanGreen,"1,70,664","10,998",4 GB,64 GB,,"8,999","79,900",14
27,APPLE,APPLE iPhone 14,Blue,"4,247",163,,128 GB,15.49 cm (6.1 inch) Super Retina XDR Display,"67,999","14,999",20
28,SAMSUNG,SAMSUNG Galaxy F13,NightskyGreen,"1,11,744","6,424",4 GB,64 GB,,"11,999","43,900",13
29,APPLE,APPLE iPhone 11,White,"1,78,400","10,573",,64 GB,15.49 cm (6.1 inch) Liquid Retina HD Display,"37,999","19,999",40
30,POCO,POCO M4 Pro,CoolBlue,"1,34,237","12,247",6 GB,128 GB,,"11,999","17,999",38
31,POCO,POCO M4 Pro,CoolBlue,"1,34,237","12,247",6 GB,64 GB,,"10,999","16,999",11
32,POCO,POCO M4 Pro5G,CoolBlue,"35,159","3,125",4 GB,64 GB,,"14,999","43,900",13
33,APPLE,APPLE iPhone 11,Black,"1,78,400","10,573",,64 GB,15.49 cm (6.1 inch) Liquid Retina HD Display,"37,999","17,999",38
34,POCO,POCO M4 Pro,Yellow,"1,34,237","12,247",6 GB,64 GB,,"10,999","19,999",40
35,POCO,POCO M4 Pro,Yellow,"1,34,237","12,247",6 GB,128 GB,,"11,999","11,999",37
36,POCO,POCO C31 ,RoyalBlue,"1,87,995","11,329",4 GB,64 GB,,"7,499","23,999",37
37,SAMSUNG,SAMSUNG Galaxy F235G,ForestGreen,"1,40,978","11,531",6 GB,128 GB,,"14,999","10,999",27
38,MOTOROLA,MOTOROLA e40 ,CarbonGray,"59,846","5,853",4 GB,64 GB,,"7,999","16,999",23
39,SAMSUNG,SAMSUNG Galaxy F13,NightskyGreen,"1,11,744","6,424",4 GB,128 GB,,"12,999","11,999",37
40,POCO,POCO C31 ,ShadowGray,"1,87,995","11,329",4 GB,64 GB,,"7,499","14,999",20
41,SAMSUNG,SAMSUNG Galaxy F13,SunriseCopper,"1,11,744","6,424",4 GB,64 GB,,"11,999","10,999",27
42,MOTOROLA,MOTOROLA e40 ,PinkClay,"59,846","5,853",4 GB,64 GB,,"7,999","14,999",20
43,SAMSUNG,SAMSUNG Galaxy F13,WaterfallBlue,"1,11,744","6,424",4 GB,64 GB,,"11,999","19,999",15
44,POCO,POCO M4 Pro5G,CoolBlue,"43,191","3,849",6 GB,128 GB,,"16,999","9,999",28
45,REDMI,REDMI 9i Sport,CarbonBlack,"2,16,491","12,210",4 GB,64 GB,,"7,199","23,999",37
46,I Kall ,I Kall Z7UltraSeries,Blue,343,35,4 GB,32 GB,15.9 cm (6.26 inch) Display,"5,989","6,299",4%
47,Tecno,Tecno Camon 19,SeaSaltWhite,195,21,6 GB,128 GB,,"14,980","15,449",3%
48,REDMI,REDMI 10 ,CaribbeanGreen,"1,70,664","10,998",4 GB,64 GB,,"8,999","14,999",40
49,APPLE,APPLE iPhone 14,Midnight,"4,247",163,,128 GB,15.49 cm (6.1 inch) Super Retina XDR Display,"67,999","79,900",14
50,APPLE,APPLE iPhone 11,White,"1,78,400","10,573",,64 GB,15.49 cm (6.1 inch) Liquid Retina HD Display,"37,999","43,900",13
51,APPLE,APPLE iPhone 14,Blue,"4,247",163,,128 GB,15.49 cm (6.1 inch) Super Retina XDR Display,"67,999","79,900",14
52,REDMI,REDMI 10 ,PacificBlue,"1,70,664","10,998",4 GB,64 GB,,"8,999","14,999",40
53,I Kall ,I Kall K3312,,"12,298","1,161",32 MB,64 MB,,999,"14,999",40
54,REDMI,REDMI 10 ,MidnightBlack,"1,70,664","10,998",4 GB,64 GB,,"8,999","19,999",40
55,POCO,POCO M4 Pro,CoolBlue,"1,34,237","12,247",6 GB,128 GB,,"11,999","43,900",13
56,APPLE,APPLE iPhone 11,Black,"1,78,400","10,573",,64 GB,15.49 cm (6.1 inch) Liquid Retina HD Display,"37,999","17,999",38
57,DIZO,DIZO Star 300,,"9,590","1,140",32 MB,32 MB,,"1,485","17,999",38
58,POCO,POCO M4 Pro,CoolBlue,"1,34,237","12,247",6 GB,64 GB,,"10,999","14,999",20
59,POCO,POCO M4 Pro,Yellow,"1,34,237","12,247",6 GB,64 GB,,"10,999","11,999",37
60,SAMSUNG,SAMSUNG Galaxy F13,NightskyGreen,"1,11,744","6,424",4 GB,64 GB,,"11,999","23,999",37
61,DIZO,DIZO Star 500,,"12,421","1,467",32 MB,32 MB,,"1,899","10,999",27
62,POCO,POCO C31 ,RoyalBlue,"1,87,995","11,329",4 GB,64 GB,,"7,499",829,6%
63,SAMSUNG,SAMSUNG Galaxy F235G,ForestGreen,"1,40,978","11,531",6 GB,128 GB,,"14,999","11,999",37
64,MOTOROLA,MOTOROLA e40 ,CarbonGray,"59,846","5,853",4 GB,64 GB,,"7,999","10,999",40
65,I Kall ,I Kall KingTalking ContacticonandAuto,,"15,092","1,403",32 MB,32 MB,4.57 cm (1.8 inch) Display,774,"16,999",11
66,DIZO,DIZO Star 500,,"12,421","1,467",32 MB,32 MB,,"1,899","79,900",14
67,APPLE,APPLE iPhone 14,Midnight,"4,247",163,,128 GB,15.49 cm (6.1 inch) Super Retina XDR Display,"67,999","14,999",40
68,REDMI,REDMI 10 ,PacificBlue,"1,70,664","10,998",4 GB,64 GB,,"8,999","14,999",40
69,REDMI,REDMI 10 ,CaribbeanGreen,"1,70,664","10,998",4 GB,64 GB,,"8,999","79,900",14
70,APPLE,APPLE iPhone 14,Blue,"4,247",163,,128 GB,15.49 cm (6.1 inch) Super Retina XDR Display,"67,999","14,999",20
71,SAMSUNG,SAMSUNG Galaxy F13,NightskyGreen,"1,11,744","6,424",4 GB,64 GB,,"11,999","43,900",13
72,APPLE,APPLE iPhone 11,White,"1,78,400","10,573",,64 GB,15.49 cm (6.1 inch) Liquid Retina HD Display,"37,999","19,999",40
73,POCO,POCO M4 Pro,CoolBlue,"1,34,237","12,247",6 GB,128 GB,,"11,999","17,999",38
74,POCO,POCO M4 Pro,CoolBlue,"1,34,237","12,247",6 GB,64 GB,,"10,999","16,999",11
75,POCO,POCO M4 Pro5G,CoolBlue,"35,159","3,125",4 GB,64 GB,,"14,999","43,900",13
76,APPLE,APPLE iPhone 11,Black,"1,78,400","10,573",,64 GB,15.49 cm (6.1 inch) Liquid Retina HD Display,"37,999","17,999",38
77,POCO,POCO M4 Pro,Yellow,"1,34,237","12,247",6 GB,64 GB,,"10,999","19,999",40
78,POCO,POCO M4 Pro,Yellow,"1,34,237","12,247",6 GB,128 GB,,"11,999","11,999",37
79,POCO,POCO C31 ,RoyalBlue,"1,87,995","11,329",4 GB,64 GB,,"7,499","23,999",37
80,SAMSUNG,SAMSUNG Galaxy F235G,ForestGreen,"1,40,978","11,531",6 GB,128 GB,,"14,999","10,999",27
81,MOTOROLA,MOTOROLA e40 ,CarbonGray,"59,846","5,853",4 GB,64 GB,,"7,999","16,999",23
82,SAMSUNG,SAMSUNG Galaxy F13,NightskyGreen,"1,11,744","6,424",4 GB,128 GB,,"12,999","11,999",37
83,POCO,POCO C31 ,ShadowGray,"1,87,995","11,329",4 GB,64 GB,,"7,499","14,999",20
84,SAMSUNG,SAMSUNG Galaxy F13,SunriseCopper,"1,11,744","6,424",4 GB,64 GB,,"11,999","10,999",27
85,MOTOROLA,MOTOROLA e40 ,PinkClay,"59,846","5,853",4 GB,64 GB,,"7,999","14,999",20
86,SAMSUNG,SAMSUNG Galaxy F13,WaterfallBlue,"1,11,744","6,424",4 GB,64 GB,,"11,999","19,999",15
87,POCO,POCO M4 Pro5G,CoolBlue,"43,191","3,849",6 GB,128 GB,,"16,999","9,999",28
88,REDMI,REDMI 9i Sport,CarbonBlack,"2,16,491","12,210",4 GB,64 GB,,"7,199","23,999",37
89,I Kall ,I Kall Z7UltraSeries,Blue,343,35,4 GB,32 GB,15.9 cm (6.26 inch) Display,"5,989","6,299",4%
90,Tecno,Tecno Camon 19,SeaSaltWhite,195,21,6 GB,128 GB,,"14,980","15,449",3%
91,REDMI,REDMI 10 ,CaribbeanGreen,"1,70,664","10,998",4 GB,64 GB,,"8,999","14,999",40
92,APPLE,APPLE iPhone 14,Midnight,"4,247",163,,128 GB,15.49 cm (6.1 inch) Super Retina XDR Display,"67,999","79,900",14
93,APPLE,APPLE iPhone 11,White,"1,78,400","10,573",,64 GB,15.49 cm (6.1 inch) Liquid Retina HD Display,"37,999","43,900",13
94,APPLE,APPLE iPhone 14,Blue,"4,247",163,,128 GB,15.49 cm (6.1 inch) Super Retina XDR Display,"67,999","79,900",14
95,REDMI,REDMI 10 ,PacificBlue,"1,70,664","10,998",4 GB,64 GB,,"8,999","14,999",40
96,I Kall ,I Kall K3312,,"12,298","1,161",32 MB,64 MB,,999,"14,999",40
97,REDMI,REDMI 10 ,MidnightBlack,"1,70,664","10,998",4 GB,64 GB,,"8,999","19,999",40
98,POCO,POCO M4 Pro,CoolBlue,"1,34,237","12,247",6 GB,128 GB,,"11,999","43,900",13
99,APPLE,APPLE iPhone 11,Black,"1,78,400","10,573",,64 GB,15.49 cm (6.1 inch) Liquid Retina HD Display,"37,999","17,999",38
100,DIZO,DIZO Star 300,,"9,590","1,140",32 MB,32 MB,,"1,485","17,999",38
101,POCO,POCO M4 Pro,CoolBlue,"1,34,237","12,247",6 GB,64 GB,,"10,999","14,999",20
102,POCO,POCO M4 Pro,Yellow,"1,34,237","12,247",6 GB,64 GB,,"10,999","11,999",37
103,SAMSUNG,SAMSUNG Galaxy F13,NightskyGreen,"1,11,744","6,424",4 GB,64 GB,,"11,999","23,999",37
104,DIZO,DIZO Star 500,,"12,421","1,467",32 MB,32 MB,,"1,899","10,999",27
105,POCO,POCO C31 ,RoyalBlue,"1,87,995","11,329",4 GB,64 GB,,"7,499",829,6%
106,SAMSUNG,SAMSUNG Galaxy F235G,ForestGreen,"1,40,978","11,531",6 GB,128 GB,,"14,999","11,999",37
107,MOTOROLA,MOTOROLA e40 ,CarbonGray,"59,846","5,853",4 GB,64 GB,,"7,999","10,999",40
108,I Kall ,I Kall KingTalking ContacticonandAuto,,"15,092","1,403",32 MB,32 MB,4.57 cm (1.8 inch) Display,774,"16,999",11
109,DIZO,DIZO Star 500,,"12,421","1,467",32 MB,32 MB,,"1,899","79,900",14
110,APPLE,APPLE iPhone 14,Midnight,"4,247",163,,128 GB,15.49 cm (6.1 inch) Super Retina XDR Display,"67,999","14,999",40
111,REDMI,REDMI 10 ,PacificBlue,"1,70,664","10,998",4 GB,64 GB,,"8,999","14,999",40
112,REDMI,REDMI 10 ,CaribbeanGreen,"1,70,664","10,998",4 GB,64 GB,,"8,999","79,900",14
113,APPLE,APPLE iPhone 14,Blue,"4,247",163,,128 GB,15.49 cm (6.1 inch) Super Retina XDR Display,"67,999","14,999",20
114,SAMSUNG,SAMSUNG Galaxy F13,NightskyGreen,"1,11,744","6,424",4 GB,64 GB,,"11,999","43,900",13
115,APPLE,APPLE iPhone 11,White,"1,78,400","10,573",,64 GB,15.49 cm (6.1 inch) Liquid Retina HD Display,"37,999","19,999",40
116,POCO,POCO M4 Pro,CoolBlue,"1,34,237","12,247",6 GB,128 GB,,"11,999","17,999",38
117,POCO,POCO M4 Pro,CoolBlue,"1,34,237","12,247",6 GB,64 GB,,"10,999","16,999",11
118,POCO,POCO M4 Pro5G,CoolBlue,"35,159","3,125",4 GB,64 GB,,"14,999","43,900",13
119,APPLE,APPLE iPhone 11,Black,"1,78,400","10,573",,64 GB,15.49 cm (6.1 inch) Liquid Retina HD Display,"37,999","17,999",38
120,POCO,POCO M4 Pro,Yellow,"1,34,237","12,247",6 GB,64 GB,,"10,999","19,999",40
121,POCO,POCO M4 Pro,Yellow,"1,34,237","12,247",6 GB,128 GB,,"11,999","11,999",37
122,POCO,POCO C31 ,RoyalBlue,"1,87,995","11,329",4 GB,64 GB,,"7,499","23,999",37
123,SAMSUNG,SAMSUNG Galaxy F235G,ForestGreen,"1,40,978","11,531",6 GB,128 GB,,"14,999","10,999",27
124,MOTOROLA,MOTOROLA e40 ,CarbonGray,"59,846","5,853",4 GB,64 GB,,"7,999","16,999",23
125,SAMSUNG,SAMSUNG Galaxy F13,NightskyGreen,"1,11,744","6,424",4 GB,128 GB,,"12,999","11,999",37
126,POCO,POCO C31 ,ShadowGray,"1,87,995","11,329",4 GB,64 GB,,"7,499","14,999",20
127,SAMSUNG,SAMSUNG Galaxy F13,SunriseCopper,"1,11,744","6,424",4 GB,64 GB,,"11,999","10,999",27
128,MOTOROLA,MOTOROLA e40 ,PinkClay,"59,846","5,853",4 GB,64 GB,,"7,999","14,999",20
129,SAMSUNG,SAMSUNG Galaxy F13,WaterfallBlue,"1,11,744","6,424",4 GB,64 GB,,"11,999","19,999",15
130,POCO,POCO M4 Pro5G,CoolBlue,"43,191","3,849",6 GB,128 GB,,"16,999","9,999",28
131,REDMI,REDMI 9i Sport,CarbonBlack,"2,16,491","12,210",4 GB,64 GB,,"7,199","23,999",37
132,DIZO,DIZO Star 500,,"12,421","1,467",32 MB,32 MB,,"1,899","79,900",14
133,APPLE,APPLE iPhone 14,Midnight,"4,247",163,,128 GB,15.49 cm (6.1 inch) Super Retina XDR Display,"67,999","14,999",40
134,REDMI,REDMI 10 ,PacificBlue,"1,70,664","10,998",4 GB,64 GB,,"8,999","14,999",40
135,REDMI,REDMI 10 ,CaribbeanGreen,"1,70,664","10,998",4 GB,64 GB,,"8,999","79,900",14
136,APPLE,APPLE iPhone 14,Blue,"4,247",163,,128 GB,15.49 cm (6.1 inch) Super Retina XDR Display,"67,999","14,999",20
137,SAMSUNG,SAMSUNG Galaxy F13,NightskyGreen,"1,11,744","6,424",4 GB,64 GB,,"11,999","43,900",13
138,APPLE,APPLE iPhone 11,White,"1,78,400","10,573",,64 GB,15.49 cm (6.1 inch) Liquid Retina HD Display,"37,999","19,999",40
139,POCO,POCO M4 Pro,CoolBlue,"1,34,237","12,247",6 GB,128 GB,,"11,999","17,999",38
140,POCO,POCO M4 Pro,CoolBlue,"1,34,237","12,247",6 GB,64 GB,,"10,999","16,999",11
141,POCO,POCO M4 Pro5G,CoolBlue,"35,159","3,125",4 GB,64 GB,,"14,999","43,900",13
142,APPLE,APPLE iPhone 11,Black,"1,78,400","10,573",,64 GB,15.49 cm (6.1 inch) Liquid Retina HD Display,"37,999","17,999",38
143,POCO,POCO M4 Pro,Yellow,"1,34,237","12,247",6 GB,64 GB,,"10,999","19,999",40
144,POCO,POCO M4 Pro,Yellow,"1,34,237","12,247",6 GB,128 GB,,"11,999","11,999",37
145,POCO,POCO C31 ,RoyalBlue,"1,87,995","11,329",4 GB,64 GB,,"7,499","23,999",37
146,SAMSUNG,SAMSUNG Galaxy F235G,ForestGreen,"1,40,978","11,531",6 GB,128 GB,,"14,999","10,999",27
147,MOTOROLA,MOTOROLA e40 ,CarbonGray,"59,846","5,853",4 GB,64 GB,,"7,999","16,999",23
148,SAMSUNG,SAMSUNG Galaxy F13,NightskyGreen,"1,11,744","6,424",4 GB,128 GB,,"12,999","11,999",37
149,POCO,POCO C31 ,ShadowGray,"1,87,995","11,329",4 GB,64 GB,,"7,499","14,999",20
150,SAMSUNG,SAMSUNG Galaxy F13,SunriseCopper,"1,11,744","6,424",4 GB,64 GB,,"11,999","10,999",27
151,MOTOROLA,MOTOROLA e40 ,PinkClay,"59,846","5,853",4 GB,64 GB,,"7,999","14,999",20
152,SAMSUNG,SAMSUNG Galaxy F13,WaterfallBlue,"1,11,744","6,424",4 GB,64 GB,,"11,999","19,999",15
153,POCO,POCO M4 Pro5G,CoolBlue,"43,191","3,849",6 GB,128 GB,,"16,999","9,999",28
154,REDMI,REDMI 9i Sport,CarbonBlack,"2,16,491","12,210",4 GB,64 GB,,"7,199","23,999",37
155,DIZO,DIZO Star 500,,"12,421","1,467",32 MB,32 MB,,"1,899","79,900",14
156,APPLE,APPLE iPhone 14,Midnight,"4,247",163,,128 GB,15.49 cm (6.1 inch) Super Retina XDR Display,"67,999","14,999",40
157,REDMI,REDMI 10 ,PacificBlue,"1,70,664","10,998",4 GB,64 GB,,"8,999","14,999",40
158,REDMI,REDMI 10 ,CaribbeanGreen,"1,70,664","10,998",4 GB,64 GB,,"8,999","79,900",14
159,APPLE,APPLE iPhone 14,Blue,"4,247",163,,128 GB,15.49 cm (6.1 inch) Super Retina XDR Display,"67,999","14,999",20
160,SAMSUNG,SAMSUNG Galaxy F13,NightskyGreen,"1,11,744","6,424",4 GB,64 GB,,"11,999","43,900",13
161,APPLE,APPLE iPhone 11,White,"1,78,400","10,573",,64 GB,15.49 cm (6.1 inch) Liquid Retina HD Display,"37,999","19,999",40
162,POCO,POCO M4 Pro,CoolBlue,"1,34,237","12,247",6 GB,128 GB,,"11,999","17,999",38
163,POCO,POCO M4 Pro,CoolBlue,"1,34,237","12,247",6 GB,64 GB,,"10,999","16,999",11
164,POCO,POCO M4 Pro5G,CoolBlue,"35,159","3,125",4 GB,64 GB,,"14,999","43,900",13
165,APPLE,APPLE iPhone 11,Black,"1,78,400","10,573",,64 GB,15.49 cm (6.1 inch) Liquid Retina HD Display,"37,999","17,999",38
166,POCO,POCO M4 Pro,Yellow,"1,34,237","12,247",6 GB,64 GB,,"10,999","19,999",40
167,POCO,POCO M4 Pro,Yellow,"1,34,237","12,247",6 GB,128 GB,,"11,999","11,999",37
168,POCO,POCO C31 ,RoyalBlue,"1,87,995","11,329",4 GB,64 GB,,"7,499","23,999",37
169,SAMSUNG,SAMSUNG Galaxy F235G,ForestGreen,"1,40,978","11,531",6 GB,128 GB,,"14,999","10,999",27
170,MOTOROLA,MOTOROLA e40 ,CarbonGray,"59,846","5,853",4 GB,64 GB,,"7,999","16,999",23
171,SAMSUNG,SAMSUNG Galaxy F13,NightskyGreen,"1,11,744","6,424",4 GB,128 GB,,"12,999","11,999",37
172,POCO,POCO C31 ,ShadowGray,"1,87,995","11,329",4 GB,64 GB,,"7,499","14,999",20
173,SAMSUNG,SAMSUNG Galaxy F13,SunriseCopper,"1,11,744","6,424",4 GB,64 GB,,"11,999","10,999",27
174,MOTOROLA,MOTOROLA e40 ,PinkClay,"59,846","5,853",4 GB,64 GB,,"7,999","14,999",20
175,SAMSUNG,SAMSUNG Galaxy F13,WaterfallBlue,"1,11,744","6,424",4 GB,64 GB,,"11,999","19,999",15
176,POCO,POCO M4 Pro5G,CoolBlue,"43,191","3,849",6 GB,128 GB,,"16,999","9,999",28
177,REDMI,REDMI 9i Sport,CarbonBlack,"2,16,491","12,210",4 GB,64 GB,,"7,199","23,999",37
178,I Kall ,I Kall Z7UltraSeries,Blue,343,35,4 GB,32 GB,15.9 cm (6.26 inch) Display,"5,989","6,299",4%
179,Tecno,Tecno Camon 19,SeaSaltWhite,195,21,6 GB,128 GB,,"14,980","15,449",3%
180,REDMI,REDMI 10 ,CaribbeanGreen,"1,70,664","10,998",4 GB,64 GB,,"8,999","14,999",40
181,APPLE,APPLE iPhone 14,Midnight,"4,247",163,,128 GB,15.49 cm (6.1 inch) Super Retina XDR Display,"67,999","79,900",14
182,APPLE,APPLE iPhone 11,White,"1,78,400","10,573",,64 GB,15.49 cm (6.1 inch) Liquid Retina HD Display,"37,999","43,900",13
183,APPLE,APPLE iPhone 14,Blue,"4,247",163,,128 GB,15.49 cm (6.1 inch) Super Retina XDR Display,"67,999","79,900",14
184,REDMI,REDMI 10 ,PacificBlue,"1,70,664","10,998",4 GB,64 GB,,"8,999","14,999",40
185,I Kall ,I Kall K3312,,"12,298","1,161",32 MB,64 MB,,999,"14,999",40
186,REDMI,REDMI 10 ,MidnightBlack,"1,70,664","10,998",4 GB,64 GB,,"8,999","19,999",40
187,POCO,POCO M4 Pro,CoolBlue,"1,34,237","12,247",6 GB,128 GB,,"11,999","43,900",13
188,APPLE,APPLE iPhone 11,Black,"1,78,400","10,573",,64 GB,15.49 cm (6.1 inch) Liquid Retina HD Display,"37,999","17,999",38
189,DIZO,DIZO Star 300,,"9,590","1,140",32 MB,32 MB,,"1,485","17,999",38
190,POCO,POCO M4 Pro,CoolBlue,"1,34,237","12,247",6 GB,64 GB,,"10,999","14,999",20
191,POCO,POCO M4 Pro,Yellow,"1,34,237","12,247",6 GB,64 GB,,"10,999","11,999",37
192,SAMSUNG,SAMSUNG Galaxy F13,NightskyGreen,"1,11,744","6,424",4 GB,64 GB,,"11,999","23,999",37
193,DIZO,DIZO Star 500,,"12,421","1,467",32 MB,32 MB,,"1,899","10,999",27
194,POCO,POCO C31 ,RoyalBlue,"1,87,995","11,329",4 GB,64 GB,,"7,499",829,6%
195,SAMSUNG,SAMSUNG Galaxy F235G,ForestGreen,"1,40,978","11,531",6 GB,128 GB,,"14,999","11,999",37
196,MOTOROLA,MOTOROLA e40 ,CarbonGray,"59,846","5,853",4 GB,64 GB,,"7,999","10,999",40
197,I Kall ,I Kall KingTalking ContacticonandAuto,,"15,092","1,403",32 MB,32 MB,4.57 cm (1.8 inch) Display,774,"16,999",11
198,DIZO,DIZO Star 500,,"12,421","1,467",32 MB,32 MB,,"1,899","79,900",14
199,APPLE,APPLE iPhone 14,Midnight,"4,247",163,,128 GB,15.49 cm (6.1 inch) Super Retina XDR Display,"67,999","14,999",40
200,REDMI,REDMI 10 ,PacificBlue,"1,70,664","10,998",4 GB,64 GB,,"8,999","14,999",40
201,REDMI,REDMI 10 ,CaribbeanGreen,"1,70,664","10,998",4 GB,64 GB,,"8,999","79,900",14
202,APPLE,APPLE iPhone 14,Blue,"4,247",163,,128 GB,15.49 cm (6.1 inch) Super Retina XDR Display,"67,999","14,999",20
203,SAMSUNG,SAMSUNG Galaxy F13,NightskyGreen,"1,11,744","6,424",4 GB,64 GB,,"11,999","43,900",13
204,APPLE,APPLE iPhone 11,White,"1,78,400","10,573",,64 GB,15.49 cm (6.1 inch) Liquid Retina HD Display,"37,999","19,999",40
205,POCO,POCO M4 Pro,CoolBlue,"1,34,237","12,247",6 GB,128 GB,,"11,999","17,999",38
206,POCO,POCO M4 Pro,CoolBlue,"1,34,237","12,247",6 GB,64 GB,,"10,999","16,999",11
207,POCO,POCO M4 Pro5G,CoolBlue,"35,159","3,125",4 GB,64 GB,,"14,999","43,900",13
208,APPLE,APPLE iPhone 11,Black,"1,78,400","10,573",,64 GB,15.49 cm (6.1 inch) Liquid Retina HD Display,"37,999","17,999",38
209,POCO,POCO M4 Pro,Yellow,"1,34,237","12,247",6 GB,64 GB,,"10,999","19,999",40
210,POCO,POCO M4 Pro,Yellow,"1,34,237","12,247",6 GB,128 GB,,"11,999","11,999",37
211,POCO,POCO C31 ,RoyalBlue,"1,87,995","11,329",4 GB,64 GB,,"7,499","23,999",37
212,SAMSUNG,SAMSUNG Galaxy F235G,ForestGreen,"1,40,978","11,531",6 GB,128 GB,,"14,999","10,999",27
213,MOTOROLA,MOTOROLA e40 ,CarbonGray,"59,846","5,853",4 GB,64 GB,,"7,999","16,999",23
214,SAMSUNG,SAMSUNG Galaxy F13,NightskyGreen,"1,11,744","6,424",4 GB,128 GB,,"12,999","11,999",37
215,POCO,POCO C31 ,ShadowGray,"1,87,995","11,329",4 GB,64 GB,,"7,499","14,999",20
216,SAMSUNG,SAMSUNG Galaxy F13,SunriseCopper,"1,11,744","6,424",4 GB,64 GB,,"11,999","10,999",27
217,MOTOROLA,MOTOROLA e40 ,PinkClay,"59,846","5,853",4 GB,64 GB,,"7,999","14,999",20
218,SAMSUNG,SAMSUNG Galaxy F13,WaterfallBlue,"1,11,744","6,424",4 GB,64 GB,,"11,999","19,999",15
219,POCO,POCO M4 Pro5G,CoolBlue,"43,191","3,849",6 GB,128 GB,,"16,999","9,999",28
220,REDMI,REDMI 9i Sport,CarbonBlack,"2,16,491","12,210",4 GB,64 GB,,"7,199","23,999",37
221,DIZO,DIZO Star 500,,"12,421","1,467",32 MB,32 MB,,"1,899","79,900",14
222,APPLE,APPLE iPhone 14,Midnight,"4,247",163,,128 GB,15.49 cm (6.1 inch) Super Retina XDR Display,"67,999","14,999",40
223,REDMI,REDMI 10 ,PacificBlue,"1,70,664","10,998",4 GB,64 GB,,"8,999","14,999",40
224,REDMI,REDMI 10 ,CaribbeanGreen,"1,70,664","10,998",4 GB,64 GB,,"8,999","79,900",14
225,APPLE,APPLE iPhone 14,Blue,"4,247",163,,128 GB,15.49 cm (6.1 inch) Super Retina XDR Display,"67,999","14,999",20
226,SAMSUNG,SAMSUNG Galaxy F13,NightskyGreen,"1,11,744","6,424",4 GB,64 GB,,"11,999","43,900",13
227,APPLE,APPLE iPhone 11,White,"1,78,400","10,573",,64 GB,15.49 cm (6.1 inch) Liquid Retina HD Display,"37,999","19,999",40
228,POCO,POCO M4 Pro,CoolBlue,"1,34,237","12,247",6 GB,128 GB,,"11,999","17,999",38
229,POCO,POCO M4 Pro,CoolBlue,"1,34,237","12,247",6 GB,64 GB,,"10,999","16,999",11
230,POCO,POCO M4 Pro5G,CoolBlue,"35,159","3,125",4 GB,64 GB,,"14,999","43,900",13
231,APPLE,APPLE iPhone 11,Black,"1,78,400","10,573",,64 GB,15.49 cm (6.1 inch) Liquid Retina HD Display,"37,999","17,999",38
232,POCO,POCO M4 Pro,Yellow,"1,34,237","12,247",6 GB,64 GB,,"10,999","19,999",40
233,POCO,POCO M4 Pro,Yellow,"1,34,237","12,247",6 GB,128 GB,,"11,999","11,999",37
234,POCO,POCO C31 ,RoyalBlue,"1,87,995","11,329",4 GB,64 GB,,"7,499","23,999",37
235,SAMSUNG,SAMSUNG Galaxy F235G,ForestGreen,"1,40,978","11,531",6 GB,128 GB,,"14,999","10,999",27
236,MOTOROLA,MOTOROLA e40 ,CarbonGray,"59,846","5,853",4 GB,64 GB,,"7,999","16,999",23
237,SAMSUNG,SAMSUNG Galaxy F13,NightskyGreen,"1,11,744","6,424",4 GB,128 GB,,"12,999","11,999",37
238,POCO,POCO C31 ,ShadowGray,"1,87,995","11,329",4 GB,64 GB,,"7,499","14,999",20
239,SAMSUNG,SAMSUNG Galaxy F13,SunriseCopper,"1,11,744","6,424",4 GB,64 GB,,"11,999","10,999",27
240,MOTOROLA,MOTOROLA e40 ,PinkClay,"59,846","5,853",4 GB,64 GB,,"7,999","14,999",20
241,SAMSUNG,SAMSUNG Galaxy F13,WaterfallBlue,"1,11,744","6,424",4 GB,64 GB,,"11,999","19,999",15
242,POCO,POCO M4 Pro5G,CoolBlue,"43,191","3,849",6 GB,128 GB,,"16,999","9,999",28
243,REDMI,REDMI 9i Sport,CarbonBlack,"2,16,491","12,210",4 GB,64 GB,,"7,199","23,999",37
244,I Kall ,I Kall Z7UltraSeries,Blue,343,35,4 GB,32 GB,15.9 cm (6.26 inch) Display,"5,989","6,299",4%
245,Tecno,Tecno Camon 19,SeaSaltWhite,195,21,6 GB,128 GB,,"14,980","15,449",3%
246,REDMI,REDMI 10 ,CaribbeanGreen,"1,70,664","10,998",4 GB,64 GB,,"8,999","14,999",40
247,APPLE,APPLE iPhone 14,Midnight,"4,247",163,,128 GB,15.49 cm (6.1 inch) Super Retina XDR Display,"67,999","79,900",14
248,APPLE,APPLE iPhone 11,White,"1,78,400","10,573",,64 GB,15.49 cm (6.1 inch) Liquid Retina HD Display,"37,999","43,900",13
249,APPLE,APPLE iPhone 14,Blue,"4,247",163,,128 GB,15.49 cm (6.1 inch) Super Retina XDR Display,"67,999","79,900",14
250,REDMI,REDMI 10 ,PacificBlue,"1,70,664","10,998",4 GB,64 GB,,"8,999","14,999",40
251,I Kall ,I Kall K3312,,"12,298","1,161",32 MB,64 MB,,999,"14,999",40
252,REDMI,REDMI 10 ,MidnightBlack,"1,70,664","10,998",4 GB,64 GB,,"8,999","19,999",40
253,POCO,POCO M4 Pro,CoolBlue,"1,34,237","12,247",6 GB,128 GB,,"11,999","43,900",13
254,APPLE,APPLE iPhone 11,Black,"1,78,400","10,573",,64 GB,15.49 cm (6.1 inch) Liquid Retina HD Display,"37,999","17,999",38
255,DIZO,DIZO Star 300,,"9,590","1,140",32 MB,32 MB,,"1,485","17,999",38
256,POCO,POCO M4 Pro,CoolBlue,"1,34,237","12,247",6 GB,64 GB,,"10,999","14,999",20
257,POCO,POCO M4 Pro,Yellow,"1,34,237","12,247",6 GB,64 GB,,"10,999","11,999",37
258,SAMSUNG,SAMSUNG Galaxy F13,NightskyGreen,"1,11,744","6,424",4 GB,64 GB,,"11,999","23,999",37
259,DIZO,DIZO Star 500,,"12,421","1,467",32 MB,32 MB,,"1,899","10,999",27
260,POCO,POCO C31 ,RoyalBlue,"1,87,995","11,329",4 GB,64 GB,,"7,499",829,6%
261,SAMSUNG,SAMSUNG Galaxy F235G,ForestGreen,"1,40,978","11,531",6 GB,128 GB,,"14,999","11,999",37
262,MOTOROLA,MOTOROLA e40 ,CarbonGray,"59,846","5,853",4 GB,64 GB,,"7,999","10,999",40
263,I Kall ,I Kall KingTalking ContacticonandAuto,,"15,092","1,403",32 MB,32 MB,4.57 cm (1.8 inch) Display,774,"16,999",11
264,DIZO,DIZO Star 500,,"12,421","1,467",32 MB,32 MB,,"1,899","79,900",14
265,APPLE,APPLE iPhone 14,Midnight,"4,247",163,,128 GB,15.49 cm (6.1 inch) Super Retina XDR Display,"67,999","14,999",40
266,REDMI,REDMI 10 ,PacificBlue,"1,70,664","10,998",4 GB,64 GB,,"8,999","14,999",40
267,REDMI,REDMI 10 ,CaribbeanGreen,"1,70,664","10,998",4 GB,64 GB,,"8,999","79,900",14
268,APPLE,APPLE iPhone 14,Blue,"4,247",163,,128 GB,15.49 cm (6.1 inch) Super Retina XDR Display,"67,999","14,999",20
269,SAMSUNG,SAMSUNG Galaxy F13,NightskyGreen,"1,11,744","6,424",4 GB,64 GB,,"11,999","43,900",13
270,APPLE,APPLE iPhone 11,White,"1,78,400","10,573",,64 GB,15.49 cm (6.1 inch) Liquid Retina HD Display,"37,999","19,999",40
271,POCO,POCO M4 Pro,CoolBlue,"1,34,237","12,247",6 GB,128 GB,,"11,999","17,999",38
272,POCO,POCO M4 Pro,CoolBlue,"1,34,237","12,247",6 GB,64 GB,,"10,999","16,999",11
273,POCO,POCO M4 Pro5G,CoolBlue,"35,159","3,125",4 GB,64 GB,,"14,999","43,900",13
274,APPLE,APPLE iPhone 11,Black,"1,78,400","10,573",,64 GB,15.49 cm (6.1 inch) Liquid Retina HD Display,"37,999","17,999",38
275,POCO,POCO M4 Pro,Yellow,"1,34,237","12,247",6 GB,64 GB,,"10,999","19,999",40
276,POCO,POCO M4 Pro,Yellow,"1,34,237","12,247",6 GB,128 GB,,"11,999","11,999",37
277,POCO,POCO C31 ,RoyalBlue,"1,87,995","11,329",4 GB,64 GB,,"7,499","23,999",37
278,SAMSUNG,SAMSUNG Galaxy F235G,ForestGreen,"1,40,978","11,531",6 GB,128 GB,,"14,999","10,999",27
279,MOTOROLA,MOTOROLA e40 ,CarbonGray,"59,846","5,853",4 GB,64 GB,,"7,999","16,999",23
280,SAMSUNG,SAMSUNG Galaxy F13,NightskyGreen,"1,11,744","6,424",4 GB,128 GB,,"12,999","11,999",37
281,POCO,POCO C31 ,ShadowGray,"1,87,995","11,329",4 GB,64 GB,,"7,499","14,999",20
282,SAMSUNG,SAMSUNG Galaxy F13,SunriseCopper,"1,11,744","6,424",4 GB,64 GB,,"11,999","10,999",27
283,MOTOROLA,MOTOROLA e40 ,PinkClay,"59,846","5,853",4 GB,64 GB,,"7,999","14,999",20
284,SAMSUNG,SAMSUNG Galaxy F13,WaterfallBlue,"1,11,744","6,424",4 GB,64 GB,,"11,999","19,999",15
285,POCO,POCO M4 Pro5G,CoolBlue,"43,191","3,849",6 GB,128 GB,,"16,999","9,999",28
286,REDMI,REDMI 9i Sport,CarbonBlack,"2,16,491","12,210",4 GB,64 GB,,"7,199","23,999",37
287,I Kall ,I Kall Z7UltraSeries,Blue,343,35,4 GB,32 GB,15.9 cm (6.26 inch) Display,"5,989","6,299",4%
288,Tecno,Tecno Camon 19,SeaSaltWhite,195,21,6 GB,128 GB,,"14,980","15,449",3%
289,REDMI,REDMI 10 ,CaribbeanGreen,"1,70,664","10,998",4 GB,64 GB,,"8,999","14,999",40
290,APPLE,APPLE iPhone 14,Midnight,"4,247",163,,128 GB,15.49 cm (6.1 inch) Super Retina XDR Display,"67,999","79,900",14
291,APPLE,APPLE iPhone 11,White,"1,78,400","10,573",,64 GB,15.49 cm (6.1 inch) Liquid Retina HD Display,"37,999","43,900",13
292,APPLE,APPLE iPhone 14,Blue,"4,247",163,,128 GB,15.49 cm (6.1 inch) Super Retina XDR Display,"67,999","79,900",14
293,REDMI,REDMI 10 ,PacificBlue,"1,70,664","10,998",4 GB,64 GB,,"8,999","14,999",40
294,I Kall ,I Kall K3312,,"12,298","1,161",32 MB,64 MB,,999,"14,999",40
295,REDMI,REDMI 10 ,MidnightBlack,"1,70,664","10,998",4 GB,64 GB,,"8,999","19,999",40
296,POCO,POCO M4 Pro,CoolBlue,"1,34,237","12,247",6 GB,128 GB,,"11,999","43,900",13
297,APPLE,APPLE iPhone 11,Black,"1,78,400","10,573",,64 GB,15.49 cm (6.1 inch) Liquid Retina HD Display,"37,999","17,999",38
298,DIZO,DIZO Star 300,,"9,590","1,140",32 MB,32 MB,,"1,485","17,999",38
299,POCO,POCO M4 Pro,CoolBlue,"1,34,237","12,247",6 GB,64 GB,,"10,999","14,999",20
300,POCO,POCO M4 Pro,Yellow,"1,34,237","12,247",6 GB,64 GB,,"10,999","11,999",37
301,SAMSUNG,SAMSUNG Galaxy F13,NightskyGreen,"1,11,744","6,424",4 GB,64 GB,,"11,999","23,999",37
302,DIZO,DIZO Star 500,,"12,421","1,467",32 MB,32 MB,,"1,899","10,999",27
303,POCO,POCO C31 ,RoyalBlue,"1,87,995","11,329",4 GB,64 GB,,"7,499",829,6%
304,SAMSUNG,SAMSUNG Galaxy F235G,ForestGreen,"1,40,978","11,531",6 GB,128 GB,,"14,999","11,999",37
305,MOTOROLA,MOTOROLA e40 ,CarbonGray,"59,846","5,853",4 GB,64 GB,,"7,999","10,999",40
306,I Kall ,I Kall KingTalking ContacticonandAuto,,"15,092","1,403",32 MB,32 MB,4.57 cm (1.8 inch) Display,774,"16,999",11
307,I Kall ,I Kall Z7UltraSeries,Blue,343,35,4 GB,32 GB,15.9 cm (6.26 inch) Display,"5,989","6,299",4%
308,Tecno,Tecno Camon 19,SeaSaltWhite,195,21,6 GB,128 GB,,"14,980","15,449",3%
309,REDMI,REDMI 10 ,CaribbeanGreen,"1,70,664","10,998",4 GB,64 GB,,"8,999","14,999",40
310,APPLE,APPLE iPhone 14,Midnight,"4,247",163,,128 GB,15.49 cm (6.1 inch) Super Retina XDR Display,"67,999","79,900",14
311,APPLE,APPLE iPhone 11,White,"1,78,400","10,573",,64 GB,15.49 cm (6.1 inch) Liquid Retina HD Display,"37,999","43,900",13
312,APPLE,APPLE iPhone 14,Blue,"4,247",163,,128 GB,15.49 cm (6.1 inch) Super Retina XDR Display,"67,999","79,900",14
313,REDMI,REDMI 10 ,PacificBlue,"1,70,664","10,998",4 GB,64 GB,,"8,999","14,999",40
314,I Kall ,I Kall K3312,,"12,298","1,161",32 MB,64 MB,,999,"14,999",40
315,REDMI,REDMI 10 ,MidnightBlack,"1,70,664","10,998",4 GB,64 GB,,"8,999","19,999",40
316,POCO,POCO M4 Pro,CoolBlue,"1,34,237","12,247",6 GB,128 GB,,"11,999","43,900",13
317,APPLE,APPLE iPhone 11,Black,"1,78,400","10,573",,64 GB,15.49 cm (6.1 inch) Liquid Retina HD Display,"37,999","17,999",38
318,DIZO,DIZO Star 300,,"9,590","1,140",32 MB,32 MB,,"1,485","17,999",38
319,POCO,POCO M4 Pro,CoolBlue,"1,34,237","12,247",6 GB,64 GB,,"10,999","14,999",20
320,POCO,POCO M4 Pro,Yellow,"1,34,237","12,247",6 GB,64 GB,,"10,999","11,999",37
321,SAMSUNG,SAMSUNG Galaxy F13,NightskyGreen,"1,11,744","6,424",4 GB,64 GB,,"11,999","23,999",37
322,DIZO,DIZO Star 500,,"12,421","1,467",32 MB,32 MB,,"1,899","10,999",27
323,POCO,POCO C31 ,RoyalBlue,"1,87,995","11,329",4 GB,64 GB,,"7,499",829,6%
324,SAMSUNG,SAMSUNG Galaxy F235G,ForestGreen,"1,40,978","11,531",6 GB,128 GB,,"14,999","11,999",37
325,MOTOROLA,MOTOROLA e40 ,CarbonGray,"59,846","5,853",4 GB,64 GB,,"7,999","10,999",40
326,I Kall ,I Kall KingTalking ContacticonandAuto,,"15,092","1,403",32 MB,32 MB,4.57 cm (1.8 inch) Display,774,"16,999",11
327,I Kall ,I Kall Z7UltraSeries,Blue,343,35,4 GB,32 GB,15.9 cm (6.26 inch) Display,"5,989","6,299",4%
328,Tecno,Tecno Camon 19,SeaSaltWhite,195,21,6 GB,128 GB,,"14,980","15,449",3%
329,REDMI,REDMI 10 ,CaribbeanGreen,"1,70,664","10,998",4 GB,64 GB,,"8,999","14,999",40
330,APPLE,APPLE iPhone 14,Midnight,"4,247",163,,128 GB,15.49 cm (6.1 inch) Super Retina XDR Display,"67,999","79,900",14
331,APPLE,APPLE iPhone 11,White,"1,78,400","10,573",,64 GB,15.49 cm (6.1 inch) Liquid Retina HD Display,"37,999","43,900",13
332,APPLE,APPLE iPhone 14,Blue,"4,247",163,,128 GB,15.49 cm (6.1 inch) Super Retina XDR Display,"67,999","79,900",14
333,REDMI,REDMI 10 ,PacificBlue,"1,70,664","10,998",4 GB,64 GB,,"8,999","14,999",40
334,I Kall ,I Kall K3312,,"12,298","1,161",32 MB,64 MB,,999,"14,999",40
335,REDMI,REDMI 10 ,MidnightBlack,"1,70,664","10,998",4 GB,64 GB,,"8,999","19,999",40
336,POCO,POCO M4 Pro,CoolBlue,"1,34,237","12,247",6 GB,128 GB,,"11,999","43,900",13
337,APPLE,APPLE iPhone 11,Black,"1,78,400","10,573",,64 GB,15.49 cm (6.1 inch) Liquid Retina HD Display,"37,999","17,999",38
338,DIZO,DIZO Star 300,,"9,590","1,140",32 MB,32 MB,,"1,485","17,999",38
339,POCO,POCO M4 Pro,CoolBlue,"1,34,237","12,247",6 GB,64 GB,,"10,999","14,999",20
340,POCO,POCO M4 Pro,Yellow,"1,34,237","12,247",6 GB,64 GB,,"10,999","11,999",37
341,SAMSUNG,SAMSUNG Galaxy F13,NightskyGreen,"1,11,744","6,424",4 GB,64 GB,,"11,999","23,999",37
342,DIZO,DIZO Star 500,,"12,421","1,467",32 MB,32 MB,,"1,899","10,999",27
343,POCO,POCO C31 ,RoyalBlue,"1,87,995","11,329",4 GB,64 GB,,"7,499",829,6%
344,SAMSUNG,SAMSUNG Galaxy F235G,ForestGreen,"1,40,978","11,531",6 GB,128 GB,,"14,999","11,999",37
345,MOTOROLA,MOTOROLA e40 ,CarbonGray,"59,846","5,853",4 GB,64 GB,,"7,999","10,999",40
346,I Kall ,I Kall KingTalking ContacticonandAuto,,"15,092","1,403",32 MB,32 MB,4.57 cm (1.8 inch) Display,774,"16,999",11
347,DIZO,DIZO Star 500,,"12,421","1,467",32 MB,32 MB,,"1,899","79,900",14
348,APPLE,APPLE iPhone 14,Midnight,"4,247",163,,128 GB,15.49 cm (6.1 inch) Super Retina XDR Display,"67,999","14,999",40
349,REDMI,REDMI 10 ,PacificBlue,"1,70,664","10,998",4 GB,64 GB,,"8,999","14,999",40
350,REDMI,REDMI 10 ,CaribbeanGreen,"1,70,664","10,998",4 GB,64 GB,,"8,999","79,900",14
351,APPLE,APPLE iPhone 14,Blue,"4,247",163,,128 GB,15.49 cm (6.1 inch) Super Retina XDR Display,"67,999","14,999",20
352,SAMSUNG,SAMSUNG Galaxy F13,NightskyGreen,"1,11,744","6,424",4 GB,64 GB,,"11,999","43,900",13
353,APPLE,APPLE iPhone 11,White,"1,78,400","10,573",,64 GB,15.49 cm (6.1 inch) Liquid Retina HD Display,"37,999","19,999",40
354,POCO,POCO M4 Pro,CoolBlue,"1,34,237","12,247",6 GB,128 GB,,"11,999","17,999",38
355,POCO,POCO M4 Pro,CoolBlue,"1,34,237","12,247",6 GB,64 GB,,"10,999","16,999",11
356,POCO,POCO M4 Pro5G,CoolBlue,"35,159","3,125",4 GB,64 GB,,"14,999","43,900",13
357,APPLE,APPLE iPhone 11,Black,"1,78,400","10,573",,64 GB,15.49 cm (6.1 inch) Liquid Retina HD Display,"37,999","17,999",38
358,POCO,POCO M4 Pro,Yellow,"1,34,237","12,247",6 GB,64 GB,,"10,999","19,999",40
359,POCO,POCO M4 Pro,Yellow,"1,34,237","12,247",6 GB,128 GB,,"11,999","11,999",37
360,POCO,POCO C31 ,RoyalBlue,"1,87,995","11,329",4 GB,64 GB,,"7,499","23,999",37
361,SAMSUNG,SAMSUNG Galaxy F235G,ForestGreen,"1,40,978","11,531",6 GB,128 GB,,"14,999","10,999",27
362,MOTOROLA,MOTOROLA e40 ,CarbonGray,"59,846","5,853",4 GB,64 GB,,"7,999","16,999",23
363,SAMSUNG,SAMSUNG Galaxy F13,NightskyGreen,"1,11,744","6,424",4 GB,128 GB,,"12,999","11,999",37
364,POCO,POCO C31 ,ShadowGray,"1,87,995","11,329",4 GB,64 GB,,"7,499","14,999",20
365,SAMSUNG,SAMSUNG Galaxy F13,SunriseCopper,"1,11,744","6,424",4 GB,64 GB,,"11,999","10,999",27
366,MOTOROLA,MOTOROLA e40 ,PinkClay,"59,846","5,853",4 GB,64 GB,,"7,999","14,999",20
367,SAMSUNG,SAMSUNG Galaxy F13,WaterfallBlue,"1,11,744","6,424",4 GB,64 GB,,"11,999","19,999",15
368,POCO,POCO M4 Pro5G,CoolBlue,"43,191","3,849",6 GB,128 GB,,"16,999","9,999",28
369,REDMI,REDMI 9i Sport,CarbonBlack,"2,16,491","12,210",4 GB,64 GB,,"7,199","23,999",37
370,I Kall ,I Kall Z7UltraSeries,Blue,343,35,4 GB,32 GB,15.9 cm (6.26 inch) Display,"5,989","6,299",4%
371,Tecno,Tecno Camon 19,SeaSaltWhite,195,21,6 GB,128 GB,,"14,980","15,449",3%
372,REDMI,REDMI 10 ,CaribbeanGreen,"1,70,664","10,998",4 GB,64 GB,,"8,999","14,999",40
373,APPLE,APPLE iPhone 14,Midnight,"4,247",163,,128 GB,15.49 cm (6.1 inch) Super Retina XDR Display,"67,999","79,900",14
374,APPLE,APPLE iPhone 11,White,"1,78,400","10,573",,64 GB,15.49 cm (6.1 inch) Liquid Retina HD Display,"37,999","43,900",13
375,APPLE,APPLE iPhone 14,Blue,"4,247",163,,128 GB,15.49 cm (6.1 inch) Super Retina XDR Display,"67,999","79,900",14
376,REDMI,REDMI 10 ,PacificBlue,"1,70,664","10,998",4 GB,64 GB,,"8,999","14,999",40
377,I Kall ,I Kall K3312,,"12,298","1,161",32 MB,64 MB,,999,"14,999",40
378,REDMI,REDMI 10 ,MidnightBlack,"1,70,664","10,998",4 GB,64 GB,,"8,999","19,999",40
379,POCO,POCO M4 Pro,CoolBlue,"1,34,237","12,247",6 GB,128 GB,,"11,999","43,900",13
380,APPLE,APPLE iPhone 11,Black,"1,78,400","10,573",,64 GB,15.49 cm (6.1 inch) Liquid Retina HD Display,"37,999","17,999",38
381,DIZO,DIZO Star 300,,"9,590","1,140",32 MB,32 MB,,"1,485","17,999",38
382,POCO,POCO M4 Pro,CoolBlue,"1,34,237","12,247",6 GB,64 GB,,"10,999","14,999",20
383,POCO,POCO M4 Pro,Yellow,"1,34,237","12,247",6 GB,64 GB,,"10,999","11,999",37
384,SAMSUNG,SAMSUNG Galaxy F13,NightskyGreen,"1,11,744","6,424",4 GB,64 GB,,"11,999","23,999",37
385,DIZO,DIZO Star 500,,"12,421","1,467",32 MB,32 MB,,"1,899","10,999",27
386,POCO,POCO C31 ,RoyalBlue,"1,87,995","11,329",4 GB,64 GB,,"7,499",829,6%
387,SAMSUNG,SAMSUNG Galaxy F235G,ForestGreen,"1,40,978","11,531",6 GB,128 GB,,"14,999","11,999",37
388,MOTOROLA,MOTOROLA e40 ,CarbonGray,"59,846","5,853",4 GB,64 GB,,"7,999","10,999",40
389,I Kall ,I Kall KingTalking ContacticonandAuto,,"15,092","1,403",32 MB,32 MB,4.57 cm (1.8 inch) Display,774,"16,999",11
390,DIZO,DIZO Star 500,,"12,421","1,467",32 MB,32 MB,,"1,899","79,900",14
391,APPLE,APPLE iPhone 14,Midnight,"4,247",163,,128 GB,15.49 cm (6.1 inch) Super Retina XDR Display,"67,999","14,999",40
392,REDMI,REDMI 10 ,PacificBlue,"1,70,664","10,998",4 GB,64 GB,,"8,999","14,999",40
393,REDMI,REDMI 10 ,CaribbeanGreen,"1,70,664","10,998",4 GB,64 GB,,"8,999","79,900",14
394,APPLE,APPLE iPhone 14,Blue,"4,247",163,,128 GB,15.49 cm (6.1 inch) Super Retina XDR Display,"67,999","14,999",20
395,SAMSUNG,SAMSUNG Galaxy F13,NightskyGreen,"1,11,744","6,424",4 GB,64 GB,,"11,999","43,900",13
396,APPLE,APPLE iPhone 11,White,"1,78,400","10,573",,64 GB,15.49 cm (6.1 inch) Liquid Retina HD Display,"37,999","19,999",40
397,POCO,POCO M4 Pro,CoolBlue,"1,34,237","12,247",6 GB,128 GB,,"11,999","17,999",38
398,POCO,POCO M4 Pro,CoolBlue,"1,34,237","12,247",6 GB,64 GB,,"10,999","16,999",11
399,POCO,POCO M4 Pro5G,CoolBlue,"35,159","3,125",4 GB,64 GB,,"14,999","43,900",13
400,APPLE,APPLE iPhone 11,Black,"1,78,400","10,573",,64 GB,15.49 cm (6.1 inch) Liquid Retina HD Display,"37,999","17,999",38
401,POCO,POCO M4 Pro,Yellow,"1,34,237","12,247",6 GB,64 GB,,"10,999","19,999",40
402,POCO,POCO M4 Pro,Yellow,"1,34,237","12,247",6 GB,128 GB,,"11,999","11,999",37
403,POCO,POCO C31 ,RoyalBlue,"1,87,995","11,329",4 GB,64 GB,,"7,499","23,999",37
404,SAMSUNG,SAMSUNG Galaxy F235G,ForestGreen,"1,40,978","11,531",6 GB,128 GB,,"14,999","10,999",27
405,MOTOROLA,MOTOROLA e40 ,CarbonGray,"59,846","5,853",4 GB,64 GB,,"7,999","16,999",23
406,SAMSUNG,SAMSUNG Galaxy F13,NightskyGreen,"1,11,744","6,424",4 GB,128 GB,,"12,999","11,999",37
407,POCO,POCO C31 ,ShadowGray,"1,87,995","11,329",4 GB,64 GB,,"7,499","14,999",20
408,SAMSUNG,SAMSUNG Galaxy F13,SunriseCopper,"1,11,744","6,424",4 GB,64 GB,,"11,999","10,999",27
409,MOTOROLA,MOTOROLA e40 ,PinkClay,"59,846","5,853",4 GB,64 GB,,"7,999","14,999",20
410,SAMSUNG,SAMSUNG Galaxy F13,WaterfallBlue,"1,11,744","6,424",4 GB,64 GB,,"11,999","19,999",15
411,POCO,POCO M4 Pro5G,CoolBlue,"43,191","3,849",6 GB,128 GB,,"16,999","9,999",28
412,REDMI,REDMI 9i Sport,CarbonBlack,"2,16,491","12,210",4 GB,64 GB,,"7,199","23,999",37
413,DIZO,DIZO Star 500,,"12,421","1,467",32 MB,32 MB,,"1,899","79,900",14
414,APPLE,APPLE iPhone 14,Midnight,"4,247",163,,128 GB,15.49 cm (6.1 inch) Super Retina XDR Display,"67,999","14,999",40
415,REDMI,REDMI 10 ,PacificBlue,"1,70,664","10,998",4 GB,64 GB,,"8,999","14,999",40
416,REDMI,REDMI 10 ,CaribbeanGreen,"1,70,664","10,998",4 GB,64 GB,,"8,999","79,900",14
417,APPLE,APPLE iPhone 14,Blue,"4,247",163,,128 GB,15.49 cm (6.1 inch) Super Retina XDR Display,"67,999","14,999",20
418,SAMSUNG,SAMSUNG Galaxy F13,NightskyGreen,"1,11,744","6,424",4 GB,64 GB,,"11,999","43,900",13
419,APPLE,APPLE iPhone 11,White,"1,78,400","10,573",,64 GB,15.49 cm (6.1 inch) Liquid Retina HD Display,"37,999","19,999",40
420,POCO,POCO M4 Pro,CoolBlue,"1,34,237","12,247",6 GB,128 GB,,"11,999","17,999",38
421,POCO,POCO M4 Pro,CoolBlue,"1,34,237","12,247",6 GB,64 GB,,"10,999","16,999",11
422,POCO,POCO M4 Pro5G,CoolBlue,"35,159","3,125",4 GB,64 GB,,"14,999","43,900",13
423,APPLE,APPLE iPhone 11,Black,"1,78,400","10,573",,64 GB,15.49 cm (6.1 inch) Liquid Retina HD Display,"37,999","17,999",38
424,POCO,POCO M4 Pro,Yellow,"1,34,237","12,247",6 GB,64 GB,,"10,999","19,999",40
425,POCO,POCO M4 Pro,Yellow,"1,34,237","12,247",6 GB,128 GB,,"11,999","11,999",37
426,POCO,POCO C31 ,RoyalBlue,"1,87,995","11,329",4 GB,64 GB,,"7,499","23,999",37
427,SAMSUNG,SAMSUNG Galaxy F235G,ForestGreen,"1,40,978","11,531",6 GB,128 GB,,"14,999","10,999",27
428,MOTOROLA,MOTOROLA e40 ,CarbonGray,"59,846","5,853",4 GB,64 GB,,"7,999","16,999",23
429,SAMSUNG,SAMSUNG Galaxy F13,NightskyGreen,"1,11,744","6,424",4 GB,128 GB,,"12,999","11,999",37
430,POCO,POCO C31 ,ShadowGray,"1,87,995","11,329",4 GB,64 GB,,"7,499","14,999",20
431,SAMSUNG,SAMSUNG Galaxy F13,SunriseCopper,"1,11,744","6,424",4 GB,64 GB,,"11,999","10,999",27
432,MOTOROLA,MOTOROLA e40 ,PinkClay,"59,846","5,853",4 GB,64 GB,,"7,999","14,999",20
433,SAMSUNG,SAMSUNG Galaxy F13,WaterfallBlue,"1,11,744","6,424",4 GB,64 GB,,"11,999","19,999",15
434,POCO,POCO M4 Pro5G,CoolBlue,"43,191","3,849",6 GB,128 GB,,"16,999","9,999",28
435,REDMI,REDMI 9i Sport,CarbonBlack,"2,16,491","12,210",4 GB,64 GB,,"7,199","23,999",37
436,DIZO,DIZO Star 500,,"12,421","1,467",32 MB,32 MB,,"1,899","79,900",14
437,APPLE,APPLE iPhone 14,Midnight,"4,247",163,,128 GB,15.49 cm (6.1 inch) Super Retina XDR Display,"67,999","14,999",40
438,REDMI,REDMI 10 ,PacificBlue,"1,70,664","10,998",4 GB,64 GB,,"8,999","14,999",40
439,REDMI,REDMI 10 ,CaribbeanGreen,"1,70,664","10,998",4 GB,64 GB,,"8,999","79,900",14
440,APPLE,APPLE iPhone 14,Blue,"4,247",163,,128 GB,15.49 cm (6.1 inch) Super Retina XDR Display,"67,999","14,999",20
441,SAMSUNG,SAMSUNG Galaxy F13,NightskyGreen,"1,11,744","6,424",4 GB,64 GB,,"11,999","43,900",13
442,APPLE,APPLE iPhone 11,White,"1,78,400","10,573",,64 GB,15.49 cm (6.1 inch) Liquid Retina HD Display,"37,999","19,999",40
443,POCO,POCO M4 Pro,CoolBlue,"1,34,237","12,247",6 GB,128 GB,,"11,999","17,999",38
444,POCO,POCO M4 Pro,CoolBlue,"1,34,237","12,247",6 GB,64 GB,,"10,999","16,999",11
445,POCO,POCO M4 Pro5G,CoolBlue,"35,159","3,125",4 GB,64 GB,,"14,999","43,900",13
446,APPLE,APPLE iPhone 11,Black,"1,78,400","10,573",,64 GB,15.49 cm (6.1 inch) Liquid Retina HD Display,"37,999","17,999",38
447,POCO,POCO M4 Pro,Yellow,"1,34,237","12,247",6 GB,64 GB,,"10,999","19,999",40
448,POCO,POCO M4 Pro,Yellow,"1,34,237","12,247",6 GB,128 GB,,"11,999","11,999",37
449,POCO,POCO C31 ,RoyalBlue,"1,87,995","11,329",4 GB,64 GB,,"7,499","23,999",37
450,SAMSUNG,SAMSUNG Galaxy F235G,ForestGreen,"1,40,978","11,531",6 GB,128 GB,,"14,999","10,999",27
451,MOTOROLA,MOTOROLA e40 ,CarbonGray,"59,846","5,853",4 GB,64 GB,,"7,999","16,999",23
452,SAMSUNG,SAMSUNG Galaxy F13,NightskyGreen,"1,11,744","6,424",4 GB,128 GB,,"12,999","11,999",37
453,POCO,POCO C31 ,ShadowGray,"1,87,995","11,329",4 GB,64 GB,,"7,499","14,999",20
454,SAMSUNG,SAMSUNG Galaxy F13,SunriseCopper,"1,11,744","6,424",4 GB,64 GB,,"11,999","10,999",27
455,MOTOROLA,MOTOROLA e40 ,PinkClay,"59,846","5,853",4 GB,64 GB,,"7,999","14,999",20
456,SAMSUNG,SAMSUNG Galaxy F13,WaterfallBlue,"1,11,744","6,424",4 GB,64 GB,,"11,999","19,999",15
457,POCO,POCO M4 Pro5G,CoolBlue,"43,191","3,849",6 GB,128 GB,,"16,999","9,999",28
458,REDMI,REDMI 9i Sport,CarbonBlack,"2,16,491","12,210",4 GB,64 GB,,"7,199","23,999",37
459,DIZO,DIZO Star 500,,"12,421","1,467",32 MB,32 MB,,"1,899","79,900",14
460,APPLE,APPLE iPhone 14,Midnight,"4,247",163,,128 GB,15.49 cm (6.1 inch) Super Retina XDR Display,"67,999","14,999",40
461,REDMI,REDMI 10 ,PacificBlue,"1,70,664","10,998",4 GB,64 GB,,"8,999","14,999",40
462,REDMI,REDMI 10 ,CaribbeanGreen,"1,70,664","10,998",4 GB,64 GB,,"8,999","79,900",14
463,APPLE,APPLE iPhone 14,Blue,"4,247",163,,128 GB,15.49 cm (6.1 inch) Super Retina XDR Display,"67,999","14,999",20
464,SAMSUNG,SAMSUNG Galaxy F13,NightskyGreen,"1,11,744","6,424",4 GB,64 GB,,"11,999","43,900",13
465,APPLE,APPLE iPhone 11,White,"1,78,400","10,573",,64 GB,15.49 cm (6.1 inch) Liquid Retina HD Display,"37,999","19,999",40
466,POCO,POCO M4 Pro,CoolBlue,"1,34,237","12,247",6 GB,128 GB,,"11,999","17,999",38
467,POCO,POCO M4 Pro,CoolBlue,"1,34,237","12,247",6 GB,64 GB,,"10,999","16,999",11
468,POCO,POCO M4 Pro5G,CoolBlue,"35,159","3,125",4 GB,64 GB,,"14,999","43,900",13
469,APPLE,APPLE iPhone 11,Black,"1,78,400","10,573",,64 GB,15.49 cm (6.1 inch) Liquid Retina HD Display,"37,999","17,999",38
470,POCO,POCO M4 Pro,Yellow,"1,34,237","12,247",6 GB,64 GB,,"10,999","19,999",40
471,POCO,POCO M4 Pro,Yellow,"1,34,237","12,247",6 GB,128 GB,,"11,999","11,999",37
472,POCO,POCO C31 ,RoyalBlue,"1,87,995","11,329",4 GB,64 GB,,"7,499","23,999",37
473,SAMSUNG,SAMSUNG Galaxy F235G,ForestGreen,"1,40,978","11,531",6 GB,128 GB,,"14,999","10,999",27
474,MOTOROLA,MOTOROLA e40 ,CarbonGray,"59,846","5,853",4 GB,64 GB,,"7,999","16,999",23
475,SAMSUNG,SAMSUNG Galaxy F13,NightskyGreen,"1,11,744","6,424",4 GB,128 GB,,"12,999","11,999",37
476,POCO,POCO C31 ,ShadowGray,"1,87,995","11,329",4 GB,64 GB,,"7,499","14,999",20
477,SAMSUNG,SAMSUNG Galaxy F13,SunriseCopper,"1,11,744","6,424",4 GB,64 GB,,"11,999","10,999",27
478,MOTOROLA,MOTOROLA e40 ,PinkClay,"59,846","5,853",4 GB,64 GB,,"7,999","14,999",20
479,SAMSUNG,SAMSUNG Galaxy F13,WaterfallBlue,"1,11,744","6,424",4 GB,64 GB,,"11,999","19,999",15
480,POCO,POCO M4 Pro5G,CoolBlue,"43,191","3,849",6 GB,128 GB,,"16,999","9,999",28
481,REDMI,REDMI 9i Sport,CarbonBlack,"2,16,491","12,210",4 GB,64 GB,,"7,199","23,999",37
482,I Kall ,I Kall Z7UltraSeries,Blue,343,35,4 GB,32 GB,15.9 cm (6.26 inch) Display,"5,989","6,299",4%
483,Tecno,Tecno Camon 19,SeaSaltWhite,195,21,6 GB,128 GB,,"14,980","15,449",3%
484,REDMI,REDMI 10 ,CaribbeanGreen,"1,70,664","10,998",4 GB,64 GB,,"8,999","14,999",40
485,APPLE,APPLE iPhone 14,Midnight,"4,247",163,,128 GB,15.49 cm (6.1 inch) Super Retina XDR Display,"67,999","79,900",14
486,APPLE,APPLE iPhone 11,White,"1,78,400","10,573",,64 GB,15.49 cm (6.1 inch) Liquid Retina HD Display,"37,999","43,900",13
487,APPLE,APPLE iPhone 14,Blue,"4,247",163,,128 GB,15.49 cm (6.1 inch) Super Retina XDR Display,"67,999","79,900",14
488,REDMI,REDMI 10 ,PacificBlue,"1,70,664","10,998",4 GB,64 GB,,"8,999","14,999",40
489,I Kall ,I Kall K3312,,"12,298","1,161",32 MB,64 MB,,999,"14,999",40
490,REDMI,REDMI 10 ,MidnightBlack,"1,70,664","10,998",4 GB,64 GB,,"8,999","19,999",40
491,POCO,POCO M4 Pro,CoolBlue,"1,34,237","12,247",6 GB,128 GB,,"11,999","43,900",13
492,APPLE,APPLE iPhone 11,Black,"1,78,400","10,573",,64 GB,15.49 cm (6.1 inch) Liquid Retina HD Display,"37,999","17,999",38
493,DIZO,DIZO Star 300,,"9,590","1,140",32 MB,32 MB,,"1,485","17,999",38
494,POCO,POCO M4 Pro,CoolBlue,"1,34,237","12,247",6 GB,64 GB,,"10,999","14,999",20
495,POCO,POCO M4 Pro,Yellow,"1,34,237","12,247",6 GB,64 GB,,"10,999","11,999",37
496,SAMSUNG,SAMSUNG Galaxy F13,NightskyGreen,"1,11,744","6,424",4 GB,64 GB,,"11,999","23,999",37
497,DIZO,DIZO Star 500,,"12,421","1,467",32 MB,32 MB,,"1,899","10,999",27
498,POCO,POCO C31 ,RoyalBlue,"1,87,995","11,329",4 GB,64 GB,,"7,499",829,6%
499,SAMSUNG,SAMSUNG Galaxy F235G,ForestGreen,"1,40,978","11,531",6 GB,128 GB,,"14,999","11,999",37
500,MOTOROLA,MOTOROLA e40 ,CarbonGray,"59,846","5,853",4 GB,64 GB,,"7,999","10,999",40
501,I Kall ,I Kall KingTalking ContacticonandAuto,,"15,092","1,403",32 MB,32 MB,4.57 cm (1.8 inch) Display,774,"16,999",11
502,DIZO,DIZO Star 500,,"12,421","1,467",32 MB,32 MB,,"1,899","79,900",14
503,APPLE,APPLE iPhone 14,Midnight,"4,247",163,,128 GB,15.49 cm (6.1 inch) Super Retina XDR Display,"67,999","14,999",40
504,REDMI,REDMI 10 ,PacificBlue,"1,70,664","10,998",4 GB,64 GB,,"8,999","14,999",40
505,REDMI,REDMI 10 ,CaribbeanGreen,"1,70,664","10,998",4 GB,64 GB,,"8,999","79,900",14
506,APPLE,APPLE iPhone 14,Blue,"4,247",163,,128 GB,15.49 cm (6.1 inch) Super Retina XDR Display,"67,999","14,999",20
507,SAMSUNG,SAMSUNG Galaxy F13,NightskyGreen,"1,11,744","6,424",4 GB,64 GB,,"11,999","43,900",13
508,APPLE,APPLE iPhone 11,White,"1,78,400","10,573",,64 GB,15.49 cm (6.1 inch) Liquid Retina HD Display,"37,999","19,999",40
509,POCO,POCO M4 Pro,CoolBlue,"1,34,237","12,247",6 GB,128 GB,,"11,999","17,999",38
510,POCO,POCO M4 Pro,CoolBlue,"1,34,237","12,247",6 GB,64 GB,,"10,999","16,999",11
511,POCO,POCO M4 Pro5G,CoolBlue,"35,159","3,125",4 GB,64 GB,,"14,999","43,900",13
512,APPLE,APPLE iPhone 11,Black,"1,78,400","10,573",,64 GB,15.49 cm (6.1 inch) Liquid Retina HD Display,"37,999","17,999",38
513,POCO,POCO M4 Pro,Yellow,"1,34,237","12,247",6 GB,64 GB,,"10,999","19,999",40
514,POCO,POCO M4 Pro,Yellow,"1,34,237","12,247",6 GB,128 GB,,"11,999","11,999",37
515,POCO,POCO C31 ,RoyalBlue,"1,87,995","11,329",4 GB,64 GB,,"7,499","23,999",37
516,SAMSUNG,SAMSUNG Galaxy F235G,ForestGreen,"1,40,978","11,531",6 GB,128 GB,,"14,999","10,999",27
517,MOTOROLA,MOTOROLA e40 ,CarbonGray,"59,846","5,853",4 GB,64 GB,,"7,999","16,999",23
518,SAMSUNG,SAMSUNG Galaxy F13,NightskyGreen,"1,11,744","6,424",4 GB,128 GB,,"12,999","11,999",37
519,POCO,POCO C31 ,ShadowGray,"1,87,995","11,329",4 GB,64 GB,,"7,499","14,999",20
520,SAMSUNG,SAMSUNG Galaxy F13,SunriseCopper,"1,11,744","6,424",4 GB,64 GB,,"11,999","10,999",27
521,MOTOROLA,MOTOROLA e40 ,PinkClay,"59,846","5,853",4 GB,64 GB,,"7,999","14,999",20
522,SAMSUNG,SAMSUNG Galaxy F13,WaterfallBlue,"1,11,744","6,424",4 GB,64 GB,,"11,999","19,999",15
523,POCO,POCO M4 Pro5G,CoolBlue,"43,191","3,849",6 GB,128 GB,,"16,999","9,999",28
524,REDMI,REDMI 9i Sport,CarbonBlack,"2,16,491","12,210",4 GB,64 GB,,"7,199","23,999",37
525,I Kall ,I Kall Z7UltraSeries,Blue,343,35,4 GB,32 GB,15.9 cm (6.26 inch) Display,"5,989","6,299",4%
526,Tecno,Tecno Camon 19,SeaSaltWhite,195,21,6 GB,128 GB,,"14,980","15,449",3%
527,REDMI,REDMI 10 ,CaribbeanGreen,"1,70,664","10,998",4 GB,64 GB,,"8,999","14,999",40
528,APPLE,APPLE iPhone 14,Midnight,"4,247",163,,128 GB,15.49 cm (6.1 inch) Super Retina XDR Display,"67,999","79,900",14
529,APPLE,APPLE iPhone 11,White,"1,78,400","10,573",,64 GB,15.49 cm (6.1 inch) Liquid Retina HD Display,"37,999","43,900",13
530,APPLE,APPLE iPhone 14,Blue,"4,247",163,,128 GB,15.49 cm (6.1 inch) Super Retina XDR Display,"67,999","79,900",14
531,REDMI,REDMI 10 ,PacificBlue,"1,70,664","10,998",4 GB,64 GB,,"8,999","14,999",40
532,I Kall ,I Kall K3312,,"12,298","1,161",32 MB,64 MB,,999,"14,999",40
533,REDMI,REDMI 10 ,MidnightBlack,"1,70,664","10,998",4 GB,64 GB,,"8,999","19,999",40
534,POCO,POCO M4 Pro,CoolBlue,"1,34,237","12,247",6 GB,128 GB,,"11,999","43,900",13
535,APPLE,APPLE iPhone 11,Black,"1,78,400","10,573",,64 GB,15.49 cm (6.1 inch) Liquid Retina HD Display,"37,999","17,999",38
536,DIZO,DIZO Star 300,,"9,590","1,140",32 MB,32 MB,,"1,485","17,999",38
537,POCO,POCO M4 Pro,CoolBlue,"1,34,237","12,247",6 GB,64 GB,,"10,999","14,999",20
538,POCO,POCO M4 Pro,Yellow,"1,34,237","12,247",6 GB,64 GB,,"10,999","11,999",37
539,SAMSUNG,SAMSUNG Galaxy F13,NightskyGreen,"1,11,744","6,424",4 GB,64 GB,,"11,999","23,999",37
540,DIZO,DIZO Star 500,,"12,421","1,467",32 MB,32 MB,,"1,899","10,999",27
541,POCO,POCO C31 ,RoyalBlue,"1,87,995","11,329",4 GB,64 GB,,"7,499",829,6%
542,SAMSUNG,SAMSUNG Galaxy F235G,ForestGreen,"1,40,978","11,531",6 GB,128 GB,,"14,999","11,999",37
543,MOTOROLA,MOTOROLA e40 ,CarbonGray,"59,846","5,853",4 GB,64 GB,,"7,999","10,999",40
544,I Kall ,I Kall KingTalking ContacticonandAuto,,"15,092","1,403",32 MB,32 MB,4.57 cm (1.8 inch) Display,774,"16,999",11
545,DIZO,DIZO Star 500,,"12,421","1,467",32 MB,32 MB,,"1,899","79,900",14
546,APPLE,APPLE iPhone 14,Midnight,"4,247",163,,128 GB,15.49 cm (6.1 inch) Super Retina XDR Display,"67,999","14,999",40
547,REDMI,REDMI 10 ,PacificBlue,"1,70,664","10,998",4 GB,64 GB,,"8,999","14,999",40
548,REDMI,REDMI 10 ,CaribbeanGreen,"1,70,664","10,998",4 GB,64 GB,,"8,999","79,900",14
549,APPLE,APPLE iPhone 14,Blue,"4,247",163,,128 GB,15.49 cm (6.1 inch) Super Retina XDR Display,"67,999","14,999",20
550,SAMSUNG,SAMSUNG Galaxy F13,NightskyGreen,"1,11,744","6,424",4 GB,64 GB,,"11,999","43,900",13
551,APPLE,APPLE iPhone 11,White,"1,78,400","10,573",,64 GB,15.49 cm (6.1 inch) Liquid Retina HD Display,"37,999","19,999",40
552,POCO,POCO M4 Pro,CoolBlue,"1,34,237","12,247",6 GB,128 GB,,"11,999","17,999",38
553,POCO,POCO M4 Pro,CoolBlue,"1,34,237","12,247",6 GB,64 GB,,"10,999","16,999",11
554,POCO,POCO M4 Pro5G,CoolBlue,"35,159","3,125",4 GB,64 GB,,"14,999","43,900",13
555,APPLE,APPLE iPhone 11,Black,"1,78,400","10,573",,64 GB,15.49 cm (6.1 inch) Liquid Retina HD Display,"37,999","17,999",38
556,POCO,POCO M4 Pro,Yellow,"1,34,237","12,247",6 GB,64 GB,,"10,999","19,999",40
557,POCO,POCO M4 Pro,Yellow,"1,34,237","12,247",6 GB,128 GB,,"11,999","11,999",37
558,POCO,POCO C31 ,RoyalBlue,"1,87,995","11,329",4 GB,64 GB,,"7,499","23,999",37
559,SAMSUNG,SAMSUNG Galaxy F235G,ForestGreen,"1,40,978","11,531",6 GB,128 GB,,"14,999","10,999",27
560,MOTOROLA,MOTOROLA e40 ,CarbonGray,"59,846","5,853",4 GB,64 GB,,"7,999","16,999",23
561,SAMSUNG,SAMSUNG Galaxy F13,NightskyGreen,"1,11,744","6,424",4 GB,128 GB,,"12,999","11,999",37
562,POCO,POCO C31 ,ShadowGray,"1,87,995","11,329",4 GB,64 GB,,"7,499","14,999",20
563,SAMSUNG,SAMSUNG Galaxy F13,SunriseCopper,"1,11,744","6,424",4 GB,64 GB,,"11,999","10,999",27
564,MOTOROLA,MOTOROLA e40 ,PinkClay,"59,846","5,853",4 GB,64 GB,,"7,999","14,999",20
565,SAMSUNG,SAMSUNG Galaxy F13,WaterfallBlue,"1,11,744","6,424",4 GB,64 GB,,"11,999","19,999",15
566,POCO,POCO M4 Pro5G,CoolBlue,"43,191","3,849",6 GB,128 GB,,"16,999","9,999",28
567,REDMI,REDMI 9i Sport,CarbonBlack,"2,16,491","12,210",4 GB,64 GB,,"7,199","23,999",37
568,I Kall ,I Kall Z7UltraSeries,Blue,343,35,4 GB,32 GB,15.9 cm (6.26 inch) Display,"5,989","6,299",4%
569,Tecno,Tecno Camon 19,SeaSaltWhite,195,21,6 GB,128 GB,,"14,980","15,449",3%
570,REDMI,REDMI 10 ,CaribbeanGreen,"1,70,664","10,998",4 GB,64 GB,,"8,999","14,999",40
571,APPLE,APPLE iPhone 14,Midnight,"4,247",163,,128 GB,15.49 cm (6.1 inch) Super Retina XDR Display,"67,999","79,900",14
572,APPLE,APPLE iPhone 11,White,"1,78,400","10,573",,64 GB,15.49 cm (6.1 inch) Liquid Retina HD Display,"37,999","43,900",13
573,APPLE,APPLE iPhone 14,Blue,"4,247",163,,128 GB,15.49 cm (6.1 inch) Super Retina XDR Display,"67,999","79,900",14
574,REDMI,REDMI 10 ,PacificBlue,"1,70,664","10,998",4 GB,64 GB,,"8,999","14,999",40
575,I Kall ,I Kall K3312,,"12,298","1,161",32 MB,64 MB,,999,"14,999",40
576,REDMI,REDMI 10 ,MidnightBlack,"1,70,664","10,998",4 GB,64 GB,,"8,999","19,999",40
577,POCO,POCO M4 Pro,CoolBlue,"1,34,237","12,247",6 GB,128 GB,,"11,999","43,900",13
578,APPLE,APPLE iPhone 11,Black,"1,78,400","10,573",,64 GB,15.49 cm (6.1 inch) Liquid Retina HD Display,"37,999","17,999",38
579,DIZO,DIZO Star 300,,"9,590","1,140",32 MB,32 MB,,"1,485","17,999",38
580,POCO,POCO M4 Pro,CoolBlue,"1,34,237","12,247",6 GB,64 GB,,"10,999","14,999",20
581,POCO,POCO M4 Pro,Yellow,"1,34,237","12,247",6 GB,64 GB,,"10,999","11,999",37
582,SAMSUNG,SAMSUNG Galaxy F13,NightskyGreen,"1,11,744","6,424",4 GB,64 GB,,"11,999","23,999",37
583,DIZO,DIZO Star 500,,"12,421","1,467",32 MB,32 MB,,"1,899","10,999",27
584,POCO,POCO C31 ,RoyalBlue,"1,87,995","11,329",4 GB,64 GB,,"7,499",829,6%
585,SAMSUNG,SAMSUNG Galaxy F235G,ForestGreen,"1,40,978","11,531",6 GB,128 GB,,"14,999","11,999",37
586,MOTOROLA,MOTOROLA e40 ,CarbonGray,"59,846","5,853",4 GB,64 GB,,"7,999","10,999",40
587,I Kall ,I Kall KingTalking ContacticonandAuto,,"15,092","1,403",32 MB,32 MB,4.57 cm (1.8 inch) Display,774,"16,999",11
588,I Kall ,I Kall Z7UltraSeries,Blue,343,35,4 GB,32 GB,15.9 cm (6.26 inch) Display,"5,989","6,299",4%
589,Tecno,Tecno Camon 19,SeaSaltWhite,195,21,6 GB,128 GB,,"14,980","15,449",3%
590,REDMI,REDMI 10 ,CaribbeanGreen,"1,70,664","10,998",4 GB,64 GB,,"8,999","14,999",40
591,APPLE,APPLE iPhone 14,Midnight,"4,247",163,,128 GB,15.49 cm (6.1 inch) Super Retina XDR Display,"67,999","79,900",14
592,APPLE,APPLE iPhone 11,White,"1,78,400","10,573",,64 GB,15.49 cm (6.1 inch) Liquid Retina HD Display,"37,999","43,900",13
593,APPLE,APPLE iPhone 14,Blue,"4,247",163,,128 GB,15.49 cm (6.1 inch) Super Retina XDR Display,"67,999","79,900",14
594,REDMI,REDMI 10 ,PacificBlue,"1,70,664","10,998",4 GB,64 GB,,"8,999","14,999",40
595,I Kall ,I Kall K3312,,"12,298","1,161",32 MB,64 MB,,999,"14,999",40
596,REDMI,REDMI 10 ,MidnightBlack,"1,70,664","10,998",4 GB,64 GB,,"8,999","19,999",40
597,POCO,POCO M4 Pro,CoolBlue,"1,34,237","12,247",6 GB,128 GB,,"11,999","43,900",13
598,APPLE,APPLE iPhone 11,Black,"1,78,400","10,573",,64 GB,15.49 cm (6.1 inch) Liquid Retina HD Display,"37,999","17,999",38
599,DIZO,DIZO Star 300,,"9,590","1,140",32 MB,32 MB,,"1,485","17,999",38
600,POCO,POCO M4 Pro,CoolBlue,"1,34,237","12,247",6 GB,64 GB,,"10,999","14,999",20
601,POCO,POCO M4 Pro,Yellow,"1,34,237","12,247",6 GB,64 GB,,"10,999","11,999",37
602,SAMSUNG,SAMSUNG Galaxy F13,NightskyGreen,"1,11,744","6,424",4 GB,64 GB,,"11,999","23,999",37
603,DIZO,DIZO Star 500,,"12,421","1,467",32 MB,32 MB,,"1,899","10,999",27
604,POCO,POCO C31 ,RoyalBlue,"1,87,995","11,329",4 GB,64 GB,,"7,499",829,6%
605,SAMSUNG,SAMSUNG Galaxy F235G,ForestGreen,"1,40,978","11,531",6 GB,128 GB,,"14,999","11,999",37
606,MOTOROLA,MOTOROLA e40 ,CarbonGray,"59,846","5,853",4 GB,64 GB,,"7,999","10,999",40
607,I Kall ,I Kall KingTalking ContacticonandAuto,,"15,092","1,403",32 MB,32 MB,4.57 cm (1.8 inch) Display,774,"16,999",11
608,DIZO,DIZO Star 500,,"12,421","1,467",32 MB,32 MB,,"1,899","79,900",14
609,APPLE,APPLE iPhone 14,Midnight,"4,247",163,,128 GB,15.49 cm (6.1 inch) Super Retina XDR Display,"67,999","14,999",40
610,REDMI,REDMI 10 ,PacificBlue,"1,70,664","10,998",4 GB,64 GB,,"8,999","14,999",40
611,REDMI,REDMI 10 ,CaribbeanGreen,"1,70,664","10,998",4 GB,64 GB,,"8,999","79,900",14
612,APPLE,APPLE iPhone 14,Blue,"4,247",163,,128 GB,15.49 cm (6.1 inch) Super Retina XDR Display,"67,999","14,999",20
613,SAMSUNG,SAMSUNG Galaxy F13,NightskyGreen,"1,11,744","6,424",4 GB,64 GB,,"11,999","43,900",13
614,APPLE,APPLE iPhone 11,White,"1,78,400","10,573",,64 GB,15.49 cm (6.1 inch) Liquid Retina HD Display,"37,999","19,999",40
615,POCO,POCO M4 Pro,CoolBlue,"1,34,237","12,247",6 GB,128 GB,,"11,999","17,999",38
616,POCO,POCO M4 Pro,CoolBlue,"1,34,237","12,247",6 GB,64 GB,,"10,999","16,999",11
617,POCO,POCO M4 Pro5G,CoolBlue,"35,159","3,125",4 GB,64 GB,,"14,999","43,900",13
618,APPLE,APPLE iPhone 11,Black,"1,78,400","10,573",,64 GB,15.49 cm (6.1 inch) Liquid Retina HD Display,"37,999","17,999",38
619,POCO,POCO M4 Pro,Yellow,"1,34,237","12,247",6 GB,64 GB,,"10,999","19,999",40
620,POCO,POCO M4 Pro,Yellow,"1,34,237","12,247",6 GB,128 GB,,"11,999","11,999",37
621,POCO,POCO C31 ,RoyalBlue,"1,87,995","11,329",4 GB,64 GB,,"7,499","23,999",37
622,SAMSUNG,SAMSUNG Galaxy F235G,ForestGreen,"1,40,978","11,531",6 GB,128 GB,,"14,999","10,999",27
623,MOTOROLA,MOTOROLA e40 ,CarbonGray,"59,846","5,853",4 GB,64 GB,,"7,999","16,999",23
624,SAMSUNG,SAMSUNG Galaxy F13,NightskyGreen,"1,11,744","6,424",4 GB,128 GB,,"12,999","11,999",37
625,POCO,POCO C31 ,ShadowGray,"1,87,995","11,329",4 GB,64 GB,,"7,499","14,999",20
626,SAMSUNG,SAMSUNG Galaxy F13,SunriseCopper,"1,11,744","6,424",4 GB,64 GB,,"11,999","10,999",27
627,MOTOROLA,MOTOROLA e40 ,PinkClay,"59,846","5,853",4 GB,64 GB,,"7,999","14,999",20
628,SAMSUNG,SAMSUNG Galaxy F13,WaterfallBlue,"1,11,744","6,424",4 GB,64 GB,,"11,999","19,999",15
629,POCO,POCO M4 Pro5G,CoolBlue,"43,191","3,849",6 GB,128 GB,,"16,999","9,999",28
630,REDMI,REDMI 9i Sport,CarbonBlack,"2,16,491","12,210",4 GB,64 GB,,"7,199","23,999",37
631,I Kall ,I Kall Z7UltraSeries,Blue,343,35,4 GB,32 GB,15.9 cm (6.26 inch) Display,"5,989","6,299",4%
632,Tecno,Tecno Camon 19,SeaSaltWhite,195,21,6 GB,128 GB,,"14,980","15,449",3%
633,REDMI,REDMI 10 ,CaribbeanGreen,"1,70,664","10,998",4 GB,64 GB,,"8,999","14,999",40
634,APPLE,APPLE iPhone 14,Midnight,"4,247",163,,128 GB,15.49 cm (6.1 inch) Super Retina XDR Display,"67,999","79,900",14
635,APPLE,APPLE iPhone 11,White,"1,78,400","10,573",,64 GB,15.49 cm (6.1 inch) Liquid Retina HD Display,"37,999","43,900",13
636,APPLE,APPLE iPhone 14,Blue,"4,247",163,,128 GB,15.49 cm (6.1 inch) Super Retina XDR Display,"67,999","79,900",14
637,REDMI,REDMI 10 ,PacificBlue,"1,70,664","10,998",4 GB,64 GB,,"8,999","14,999",40
638,I Kall ,I Kall K3312,,"12,298","1,161",32 MB,64 MB,,999,"14,999",40
639,REDMI,REDMI 10 ,MidnightBlack,"1,70,664","10,998",4 GB,64 GB,,"8,999","19,999",40
640,POCO,POCO M4 Pro,CoolBlue,"1,34,237","12,247",6 GB,128 GB,,"11,999","43,900",13
641,APPLE,APPLE iPhone 11,Black,"1,78,400","10,573",,64 GB,15.49 cm (6.1 inch) Liquid Retina HD Display,"37,999","17,999",38
642,DIZO,DIZO Star 300,,"9,590","1,140",32 MB,32 MB,,"1,485","17,999",38
643,POCO,POCO M4 Pro,CoolBlue,"1,34,237","12,247",6 GB,64 GB,,"10,999","14,999",20
644,POCO,POCO M4 Pro,Yellow,"1,34,237","12,247",6 GB,64 GB,,"10,999","11,999",37
645,SAMSUNG,SAMSUNG Galaxy F13,NightskyGreen,"1,11,744","6,424",4 GB,64 GB,,"11,999","23,999",37
646,DIZO,DIZO Star 500,,"12,421","1,467",32 MB,32 MB,,"1,899","10,999",27
647,POCO,POCO C31 ,RoyalBlue,"1,87,995","11,329",4 GB,64 GB,,"7,499",829,6%
648,SAMSUNG,SAMSUNG Galaxy F235G,ForestGreen,"1,40,978","11,531",6 GB,128 GB,,"14,999","11,999",37
649,MOTOROLA,MOTOROLA e40 ,CarbonGray,"59,846","5,853",4 GB,64 GB,,"7,999","10,999",40
650,I Kall ,I Kall KingTalking ContacticonandAuto,,"15,092","1,403",32 MB,32 MB,4.57 cm (1.8 inch) Display,774,"16,999",11
651,I Kall ,I Kall Z7UltraSeries,Blue,343,35,4 GB,32 GB,15.9 cm (6.26 inch) Display,"5,989","6,299",4%
652,Tecno,Tecno Camon 19,SeaSaltWhite,195,21,6 GB,128 GB,,"14,980","15,449",3%
653,REDMI,REDMI 10 ,CaribbeanGreen,"1,70,664","10,998",4 GB,64 GB,,"8,999","14,999",40
654,APPLE,APPLE iPhone 14,Midnight,"4,247",163,,128 GB,15.49 cm (6.1 inch) Super Retina XDR Display,"67,999","79,900",14
655,APPLE,APPLE iPhone 11,White,"1,78,400","10,573",,64 GB,15.49 cm (6.1 inch) Liquid Retina HD Display,"37,999","43,900",13
656,APPLE,APPLE iPhone 14,Blue,"4,247",163,,128 GB,15.49 cm (6.1 inch) Super Retina XDR Display,"67,999","79,900",14
657,REDMI,REDMI 10 ,PacificBlue,"1,70,664","10,998",4 GB,64 GB,,"8,999","14,999",40
658,I Kall ,I Kall K3312,,"12,298","1,161",32 MB,64 MB,,999,"14,999",40
659,REDMI,REDMI 10 ,MidnightBlack,"1,70,664","10,998",4 GB,64 GB,,"8,999","19,999",40
660,POCO,POCO M4 Pro,CoolBlue,"1,34,237","12,247",6 GB,128 GB,,"11,999","43,900",13
661,APPLE,APPLE iPhone 11,Black,"1,78,400","10,573",,64 GB,15.49 cm (6.1 inch) Liquid Retina HD Display,"37,999","17,999",38
662,DIZO,DIZO Star 300,,"9,590","1,140",32 MB,32 MB,,"1,485","17,999",38
663,POCO,POCO M4 Pro,CoolBlue,"1,34,237","12,247",6 GB,64 GB,,"10,999","14,999",20
664,POCO,POCO M4 Pro,Yellow,"1,34,237","12,247",6 GB,64 GB,,"10,999","11,999",37
665,SAMSUNG,SAMSUNG Galaxy F13,NightskyGreen,"1,11,744","6,424",4 GB,64 GB,,"11,999","23,999",37
666,DIZO,DIZO Star 500,,"12,421","1,467",32 MB,32 MB,,"1,899","10,999",27
667,POCO,POCO C31 ,RoyalBlue,"1,87,995","11,329",4 GB,64 GB,,"7,499",829,6%
668,SAMSUNG,SAMSUNG Galaxy F235G,ForestGreen,"1,40,978","11,531",6 GB,128 GB,,"14,999","11,999",37
669,MOTOROLA,MOTOROLA e40 ,CarbonGray,"59,846","5,853",4 GB,64 GB,,"7,999","10,999",40
670,I Kall ,I Kall KingTalking ContacticonandAuto,,"15,092","1,403",32 MB,32 MB,4.57 cm (1.8 inch) Display,774,"16,999",11
671,DIZO,DIZO Star 500,,"12,421","1,467",32 MB,32 MB,,"1,899","79,900",14
672,APPLE,APPLE iPhone 14,Midnight,"4,247",163,,128 GB,15.49 cm (6.1 inch) Super Retina XDR Display,"67,999","14,999",40
673,REDMI,REDMI 10 ,PacificBlue,"1,70,664","10,998",4 GB,64 GB,,"8,999","14,999",40
674,REDMI,REDMI 10 ,CaribbeanGreen,"1,70,664","10,998",4 GB,64 GB,,"8,999","79,900",14
675,APPLE,APPLE iPhone 14,Blue,"4,247",163,,128 GB,15.49 cm (6.1 inch) Super Retina XDR Display,"67,999","14,999",20
676,SAMSUNG,SAMSUNG Galaxy F13,NightskyGreen,"1,11,744","6,424",4 GB,64 GB,,"11,999","43,900",13
677,APPLE,APPLE iPhone 11,White,"1,78,400","10,573",,64 GB,15.49 cm (6.1 inch) Liquid Retina HD Display,"37,999","19,999",40
678,POCO,POCO M4 Pro,CoolBlue,"1,34,237","12,247",6 GB,128 GB,,"11,999","17,999",38
679,POCO,POCO M4 Pro,CoolBlue,"1,34,237","12,247",6 GB,64 GB,,"10,999","16,999",11
680,POCO,POCO M4 Pro5G,CoolBlue,"35,159","3,125",4 GB,64 GB,,"14,999","43,900",13
681,APPLE,APPLE iPhone 11,Black,"1,78,400","10,573",,64 GB,15.49 cm (6.1 inch) Liquid Retina HD Display,"37,999","17,999",38
682,POCO,POCO M4 Pro,Yellow,"1,34,237","12,247",6 GB,64 GB,,"10,999","19,999",40
683,POCO,POCO M4 Pro,Yellow,"1,34,237","12,247",6 GB,128 GB,,"11,999","11,999",37
684,POCO,POCO C31 ,RoyalBlue,"1,87,995","11,329",4 GB,64 GB,,"7,499","23,999",37
685,SAMSUNG,SAMSUNG Galaxy F235G,ForestGreen,"1,40,978","11,531",6 GB,128 GB,,"14,999","10,999",27
686,MOTOROLA,MOTOROLA e40 ,CarbonGray,"59,846","5,853",4 GB,64 GB,,"7,999","16,999",23
687,SAMSUNG,SAMSUNG Galaxy F13,NightskyGreen,"1,11,744","6,424",4 GB,128 GB,,"12,999","11,999",37
688,POCO,POCO C31 ,ShadowGray,"1,87,995","11,329",4 GB,64 GB,,"7,499","14,999",20
689,SAMSUNG,SAMSUNG Galaxy F13,SunriseCopper,"1,11,744","6,424",4 GB,64 GB,,"11,999","10,999",27
690,MOTOROLA,MOTOROLA e40 ,PinkClay,"59,846","5,853",4 GB,64 GB,,"7,999","14,999",20
691,SAMSUNG,SAMSUNG Galaxy F13,WaterfallBlue,"1,11,744","6,424",4 GB,64 GB,,"11,999","19,999",15
692,POCO,POCO M4 Pro5G,CoolBlue,"43,191","3,849",6 GB,128 GB,,"16,999","9,999",28
693,REDMI,REDMI 9i Sport,CarbonBlack,"2,16,491","12,210",4 GB,64 GB,,"7,199","23,999",37
694,I Kall ,I Kall Z7UltraSeries,Blue,343,35,4 GB,32 GB,15.9 cm (6.26 inch) Display,"5,989","6,299",4%
695,Tecno,Tecno Camon 19,SeaSaltWhite,195,21,6 GB,128 GB,,"14,980","15,449",3%
696,REDMI,REDMI 10 ,CaribbeanGreen,"1,70,664","10,998",4 GB,64 GB,,"8,999","14,999",40
697,APPLE,APPLE iPhone 14,Midnight,"4,247",163,,128 GB,15.49 cm (6.1 inch) Super Retina XDR Display,"67,999","79,900",14
698,APPLE,APPLE iPhone 11,White,"1,78,400","10,573",,64 GB,15.49 cm (6.1 inch) Liquid Retina HD Display,"37,999","43,900",13
699,APPLE,APPLE iPhone 14,Blue,"4,247",163,,128 GB,15.49 cm (6.1 inch) Super Retina XDR Display,"67,999","79,900",14
700,REDMI,REDMI 10 ,PacificBlue,"1,70,664","10,998",4 GB,64 GB,,"8,999","14,999",40
701,I Kall ,I Kall K3312,,"12,298","1,161",32 MB,64 MB,,999,"14,999",40
702,REDMI,REDMI 10 ,MidnightBlack,"1,70,664","10,998",4 GB,64 GB,,"8,999","19,999",40
703,POCO,POCO M4 Pro,CoolBlue,"1,34,237","12,247",6 GB,128 GB,,"11,999","43,900",13
704,APPLE,APPLE iPhone 11,Black,"1,78,400","10,573",,64 GB,15.49 cm (6.1 inch) Liquid Retina HD Display,"37,999","17,999",38
705,DIZO,DIZO Star 300,,"9,590","1,140",32 MB,32 MB,,"1,485","17,999",38
706,POCO,POCO M4 Pro,CoolBlue,"1,34,237","12,247",6 GB,64 GB,,"10,999","14,999",20
707,POCO,POCO M4 Pro,Yellow,"1,34,237","12,247",6 GB,64 GB,,"10,999","11,999",37
708,SAMSUNG,SAMSUNG Galaxy F13,NightskyGreen,"1,11,744","6,424",4 GB,64 GB,,"11,999","23,999",37
709,DIZO,DIZO Star 500,,"12,421","1,467",32 MB,32 MB,,"1,899","10,999",27
710,POCO,POCO C31 ,RoyalBlue,"1,87,995","11,329",4 GB,64 GB,,"7,499",829,6%
711,SAMSUNG,SAMSUNG Galaxy F235G,ForestGreen,"1,40,978","11,531",6 GB,128 GB,,"14,999","11,999",37
712,MOTOROLA,MOTOROLA e40 ,CarbonGray,"59,846","5,853",4 GB,64 GB,,"7,999","10,999",40
713,I Kall ,I Kall KingTalking ContacticonandAuto,,"15,092","1,403",32 MB,32 MB,4.57 cm (1.8 inch) Display,774,"16,999",11
714,I Kall ,I Kall Z7UltraSeries,Blue,343,35,4 GB,32 GB,15.9 cm (6.26 inch) Display,"5,989","6,299",4%
715,Tecno,Tecno Camon 19,SeaSaltWhite,195,21,6 GB,128 GB,,"14,980","15,449",3%
716,REDMI,REDMI 10 ,CaribbeanGreen,"1,70,664","10,998",4 GB,64 GB,,"8,999","14,999",40
717,APPLE,APPLE iPhone 14,Midnight,"4,247",163,,128 GB,15.49 cm (6.1 inch) Super Retina XDR Display,"67,999","79,900",14
718,APPLE,APPLE iPhone 11,White,"1,78,400","10,573",,64 GB,15.49 cm (6.1 inch) Liquid Retina HD Display,"37,999","43,900",13
719,APPLE,APPLE iPhone 14,Blue,"4,247",163,,128 GB,15.49 cm (6.1 inch) Super Retina XDR Display,"67,999","79,900",14
720,REDMI,REDMI 10 ,PacificBlue,"1,70,664","10,998",4 GB,64 GB,,"8,999","14,999",40
721,I Kall ,I Kall K3312,,"12,298","1,161",32 MB,64 MB,,999,"14,999",40
722,REDMI,REDMI 10 ,MidnightBlack,"1,70,664","10,998",4 GB,64 GB,,"8,999","19,999",40
723,POCO,POCO M4 Pro,CoolBlue,"1,34,237","12,247",6 GB,128 GB,,"11,999","43,900",13
724,APPLE,APPLE iPhone 11,Black,"1,78,400","10,573",,64 GB,15.49 cm (6.1 inch) Liquid Retina HD Display,"37,999","17,999",38
725,DIZO,DIZO Star 300,,"9,590","1,140",32 MB,32 MB,,"1,485","17,999",38
726,POCO,POCO M4 Pro,CoolBlue,"1,34,237","12,247",6 GB,64 GB,,"10,999","14,999",20
727,POCO,POCO M4 Pro,Yellow,"1,34,237","12,247",6 GB,64 GB,,"10,999","11,999",37
728,SAMSUNG,SAMSUNG Galaxy F13,NightskyGreen,"1,11,744","6,424",4 GB,64 GB,,"11,999","23,999",37
729,DIZO,DIZO Star 500,,"12,421","1,467",32 MB,32 MB,,"1,899","10,999",27
730,POCO,POCO C31 ,RoyalBlue,"1,87,995","11,329",4 GB,64 GB,,"7,499",829,6%
731,SAMSUNG,SAMSUNG Galaxy F235G,ForestGreen,"1,40,978","11,531",6 GB,128 GB,,"14,999","11,999",37
732,MOTOROLA,MOTOROLA e40 ,CarbonGray,"59,846","5,853",4 GB,64 GB,,"7,999","10,999",40
733,I Kall ,I Kall KingTalking ContacticonandAuto,,"15,092","1,403",32 MB,32 MB,4.57 cm (1.8 inch) Display,774,"16,999",11
734,I Kall ,I Kall Z7UltraSeries,Blue,343,35,4 GB,32 GB,15.9 cm (6.26 inch) Display,"5,989","6,299",4%
735,Tecno,Tecno Camon 19,SeaSaltWhite,195,21,6 GB,128 GB,,"14,980","15,449",3%
736,REDMI,REDMI 10 ,CaribbeanGreen,"1,70,664","10,998",4 GB,64 GB,,"8,999","14,999",40
737,APPLE,APPLE iPhone 14,Midnight,"4,247",163,,128 GB,15.49 cm (6.1 inch) Super Retina XDR Display,"67,999","79,900",14
738,APPLE,APPLE iPhone 11,White,"1,78,400","10,573",,64 GB,15.49 cm (6.1 inch) Liquid Retina HD Display,"37,999","43,900",13
739,APPLE,APPLE iPhone 14,Blue,"4,247",163,,128 GB,15.49 cm (6.1 inch) Super Retina XDR Display,"67,999","79,900",14
740,REDMI,REDMI 10 ,PacificBlue,"1,70,664","10,998",4 GB,64 GB,,"8,999","14,999",40
741,I Kall ,I Kall K3312,,"12,298","1,161",32 MB,64 MB,,999,"14,999",40
742,REDMI,REDMI 10 ,MidnightBlack,"1,70,664","10,998",4 GB,64 GB,,"8,999","19,999",40
743,POCO,POCO M4 Pro,CoolBlue,"1,34,237","12,247",6 GB,128 GB,,"11,999","43,900",13
744,APPLE,APPLE iPhone 11,Black,"1,78,400","10,573",,64 GB,15.49 cm (6.1 inch) Liquid Retina HD Display,"37,999","17,999",38
745,DIZO,DIZO Star 300,,"9,590","1,140",32 MB,32 MB,,"1,485","17,999",38
746,POCO,POCO M4 Pro,CoolBlue,"1,34,237","12,247",6 GB,64 GB,,"10,999","14,999",20
747,POCO,POCO M4 Pro,Yellow,"1,34,237","12,247",6 GB,64 GB,,"10,999","11,999",37
748,SAMSUNG,SAMSUNG Galaxy F13,NightskyGreen,"1,11,744","6,424",4 GB,64 GB,,"11,999","23,999",37
749,DIZO,DIZO Star 500,,"12,421","1,467",32 MB,32 MB,,"1,899","10,999",27
750,POCO,POCO C31 ,RoyalBlue,"1,87,995","11,329",4 GB,64 GB,,"7,499",829,6%
751,SAMSUNG,SAMSUNG Galaxy F235G,ForestGreen,"1,40,978","11,531",6 GB,128 GB,,"14,999","11,999",37
752,MOTOROLA,MOTOROLA e40 ,CarbonGray,"59,846","5,853",4 GB,64 GB,,"7,999","10,999",40
753,I Kall ,I Kall KingTalking ContacticonandAuto,,"15,092","1,403",32 MB,32 MB,4.57 cm (1.8 inch) Display,774,"16,999",11
754,I Kall ,I Kall Z7UltraSeries,Blue,343,35,4 GB,32 GB,15.9 cm (6.26 inch) Display,"5,989","6,299",4%
755,Tecno,Tecno Camon 19,SeaSaltWhite,195,21,6 GB,128 GB,,"14,980","15,449",3%
756,REDMI,REDMI 10 ,CaribbeanGreen,"1,70,664","10,998",4 GB,64 GB,,"8,999","14,999",40
757,APPLE,APPLE iPhone 14,Midnight,"4,247",163,,128 GB,15.49 cm (6.1 inch) Super Retina XDR Display,"67,999","79,900",14
758,APPLE,APPLE iPhone 11,White,"1,78,400","10,573",,64 GB,15.49 cm (6.1 inch) Liquid Retina HD Display,"37,999","43,900",13
759,APPLE,APPLE iPhone 14,Blue,"4,247",163,,128 GB,15.49 cm (6.1 inch) Super Retina XDR Display,"67,999","79,900",14
760,REDMI,REDMI 10 ,PacificBlue,"1,70,664","10,998",4 GB,64 GB,,"8,999","14,999",40
761,I Kall ,I Kall K3312,,"12,298","1,161",32 MB,64 MB,,999,"14,999",40
762,REDMI,REDMI 10 ,MidnightBlack,"1,70,664","10,998",4 GB,64 GB,,"8,999","19,999",40
763,POCO,POCO M4 Pro,CoolBlue,"1,34,237","12,247",6 GB,128 GB,,"11,999","43,900",13
764,APPLE,APPLE iPhone 11,Black,"1,78,400","10,573",,64 GB,15.49 cm (6.1 inch) Liquid Retina HD Display,"37,999","17,999",38
765,DIZO,DIZO Star 300,,"9,590","1,140",32 MB,32 MB,,"1,485","17,999",38
766,POCO,POCO M4 Pro,CoolBlue,"1,34,237","12,247",6 GB,64 GB,,"10,999","14,999",20
767,POCO,POCO M4 Pro,Yellow,"1,34,237","12,247",6 GB,64 GB,,"10,999","11,999",37
768,SAMSUNG,SAMSUNG Galaxy F13,NightskyGreen,"1,11,744","6,424",4 GB,64 GB,,"11,999","23,999",37
769,DIZO,DIZO Star 500,,"12,421","1,467",32 MB,32 MB,,"1,899","10,999",27
770,POCO,POCO C31 ,RoyalBlue,"1,87,995","11,329",4 GB,64 GB,,"7,499",829,6%
771,SAMSUNG,SAMSUNG Galaxy F235G,ForestGreen,"1,40,978","11,531",6 GB,128 GB,,"14,999","11,999",37
772,MOTOROLA,MOTOROLA e40 ,CarbonGray,"59,846","5,853",4 GB,64 GB,,"7,999","10,999",40
773,I Kall ,I Kall KingTalking ContacticonandAuto,,"15,092","1,403",32 MB,32 MB,4.57 cm (1.8 inch) Display,774,"10,999",27
774,DIZO,DIZO Star 500,,"12,421","1,467",32 MB,32 MB,,"1,899","79,900",14
775,APPLE,APPLE iPhone 14,Midnight,"4,247",163,,128 GB,15.49 cm (6.1 inch) Super Retina XDR Display,"67,999","14,999",40
776,REDMI,REDMI 10 ,PacificBlue,"1,70,664","10,998",4 GB,64 GB,,"8,999","14,999",40
777,REDMI,REDMI 10 ,CaribbeanGreen,"1,70,664","10,998",4 GB,64 GB,,"8,999","79,900",14
778,APPLE,APPLE iPhone 14,Blue,"4,247",163,,128 GB,15.49 cm (6.1 inch) Super Retina XDR Display,"67,999","14,999",20
779,SAMSUNG,SAMSUNG Galaxy F13,NightskyGreen,"1,11,744","6,424",4 GB,64 GB,,"11,999","43,900",13
780,APPLE,APPLE iPhone 11,White,"1,78,400","10,573",,64 GB,15.49 cm (6.1 inch) Liquid Retina HD Display,"37,999","19,999",40
781,POCO,POCO M4 Pro,CoolBlue,"1,34,237","12,247",6 GB,128 GB,,"11,999","17,999",38
782,POCO,POCO M4 Pro,CoolBlue,"1,34,237","12,247",6 GB,64 GB,,"10,999","16,999",11
783,POCO,POCO M4 Pro5G,CoolBlue,"35,159","3,125",4 GB,64 GB,,"14,999","43,900",13
784,APPLE,APPLE iPhone 11,Black,"1,78,400","10,573",,64 GB,15.49 cm (6.1 inch) Liquid Retina HD Display,"37,999","17,999",38
785,POCO,POCO M4 Pro,Yellow,"1,34,237","12,247",6 GB,64 GB,,"10,999","19,999",40
786,POCO,POCO M4 Pro,Yellow,"1,34,237","12,247",6 GB,128 GB,,"11,999","11,999",37
787,POCO,POCO C31 ,RoyalBlue,"1,87,995","11,329",4 GB,64 GB,,"7,499","23,999",37
788,SAMSUNG,SAMSUNG Galaxy F235G,ForestGreen,"1,40,978","11,531",6 GB,128 GB,,"14,999","10,999",27
789,MOTOROLA,MOTOROLA e40 ,CarbonGray,"59,846","5,853",4 GB,64 GB,,"7,999","16,999",23
790,SAMSUNG,SAMSUNG Galaxy F13,NightskyGreen,"1,11,744","6,424",4 GB,128 GB,,"12,999","11,999",37
791,POCO,POCO C31 ,ShadowGray,"1,87,995","11,329",4 GB,64 GB,,"7,499","14,999",20
792,SAMSUNG,SAMSUNG Galaxy F13,SunriseCopper,"1,11,744","6,424",4 GB,64 GB,,"11,999","10,999",27
793,MOTOROLA,MOTOROLA e40 ,PinkClay,"59,846","5,853",4 GB,64 GB,,"7,999","14,999",20
794,SAMSUNG,SAMSUNG Galaxy F13,WaterfallBlue,"1,11,744","6,424",4 GB,64 GB,,"11,999","19,999",15
795,POCO,POCO M4 Pro5G,CoolBlue,"43,191","3,849",6 GB,128 GB,,"16,999","9,999",28
796,REDMI,REDMI 9i Sport,CarbonBlack,"2,16,491","12,210",4 GB,64 GB,,"7,199","23,999",37
797,I Kall ,I Kall Z7UltraSeries,Blue,343,35,4 GB,32 GB,15.9 cm (6.26 inch) Display,"5,989","6,299",4%
798,Tecno,Tecno Camon 19,SeaSaltWhite,195,21,6 GB,128 GB,,"14,980","15,449",3%
799,REDMI,REDMI 10 ,CaribbeanGreen,"1,70,664","10,998",4 GB,64 GB,,"8,999","14,999",40
800,APPLE,APPLE iPhone 14,Midnight,"4,247",163,,128 GB,15.49 cm (6.1 inch) Super Retina XDR Display,"67,999","79,900",14
801,APPLE,APPLE iPhone 11,White,"1,78,400","10,573",,64 GB,15.49 cm (6.1 inch) Liquid Retina HD Display,"37,999","43,900",13
802,APPLE,APPLE iPhone 14,Blue,"4,247",163,,128 GB,15.49 cm (6.1 inch) Super Retina XDR Display,"67,999","79,900",14
803,REDMI,REDMI 10 ,PacificBlue,"1,70,664","10,998",4 GB,64 GB,,"8,999","14,999",40
804,I Kall ,I Kall K3312,,"12,298","1,161",32 MB,64 MB,,999,"14,999",40
805,REDMI,REDMI 10 ,MidnightBlack,"1,70,664","10,998",4 GB,64 GB,,"8,999","19,999",40
806,POCO,POCO M4 Pro,CoolBlue,"1,34,237","12,247",6 GB,128 GB,,"11,999","43,900",13
807,APPLE,APPLE iPhone 11,Black,"1,78,400","10,573",,64 GB,15.49 cm (6.1 inch) Liquid Retina HD Display,"37,999","17,999",38
808,DIZO,DIZO Star 300,,"9,590","1,140",32 MB,32 MB,,"1,485","17,999",38
809,POCO,POCO M4 Pro,CoolBlue,"1,34,237","12,247",6 GB,64 GB,,"10,999","14,999",20
810,POCO,POCO M4 Pro,Yellow,"1,34,237","12,247",6 GB,64 GB,,"10,999","11,999",37
811,SAMSUNG,SAMSUNG Galaxy F13,NightskyGreen,"1,11,744","6,424",4 GB,64 GB,,"11,999","23,999",37
812,DIZO,DIZO Star 500,,"12,421","1,467",32 MB,32 MB,,"1,899","10,999",27
813,POCO,POCO C31 ,RoyalBlue,"1,87,995","11,329",4 GB,64 GB,,"7,499",829,6%
814,SAMSUNG,SAMSUNG Galaxy F235G,ForestGreen,"1,40,978","11,531",6 GB,128 GB,,"14,999","11,999",37
815,MOTOROLA,MOTOROLA e40 ,CarbonGray,"59,846","5,853",4 GB,64 GB,,"7,999","10,999",40
816,I Kall ,I Kall KingTalking ContacticonandAuto,,"15,092","1,403",32 MB,32 MB,4.57 cm (1.8 inch) Display,774,"10,999",27
817,I Kall ,I Kall Z7UltraSeries,Blue,343,35,4 GB,32 GB,15.9 cm (6.26 inch) Display,"5,989","6,299",4%
818,Tecno,Tecno Camon 19,SeaSaltWhite,195,21,6 GB,128 GB,,"14,980","15,449",3%
819,REDMI,REDMI 10 ,CaribbeanGreen,"1,70,664","10,998",4 GB,64 GB,,"8,999","14,999",40
820,APPLE,APPLE iPhone 14,Midnight,"4,247",163,,128 GB,15.49 cm (6.1 inch) Super Retina XDR Display,"67,999","79,900",14
821,APPLE,APPLE iPhone 11,White,"1,78,400","10,573",,64 GB,15.49 cm (6.1 inch) Liquid Retina HD Display,"37,999","43,900",13
822,APPLE,APPLE iPhone 14,Blue,"4,247",163,,128 GB,15.49 cm (6.1 inch) Super Retina XDR Display,"67,999","79,900",14
823,REDMI,REDMI 10 ,PacificBlue,"1,70,664","10,998",4 GB,64 GB,,"8,999","14,999",40
824,I Kall ,I Kall K3312,,"12,298","1,161",32 MB,64 MB,,999,"14,999",40
825,REDMI,REDMI 10 ,MidnightBlack,"1,70,664","10,998",4 GB,64 GB,,"8,999","19,999",40
826,POCO,POCO M4 Pro,CoolBlue,"1,34,237","12,247",6 GB,128 GB,,"11,999","43,900",13
827,APPLE,APPLE iPhone 11,Black,"1,78,400","10,573",,64 GB,15.49 cm (6.1 inch) Liquid Retina HD Display,"37,999","17,999",38
828,DIZO,DIZO Star 300,,"9,590","1,140",32 MB,32 MB,,"1,485","17,999",38
829,POCO,POCO M4 Pro,CoolBlue,"1,34,237","12,247",6 GB,64 GB,,"10,999","14,999",20
830,POCO,POCO M4 Pro,Yellow,"1,34,237","12,247",6 GB,64 GB,,"10,999","11,999",37
831,SAMSUNG,SAMSUNG Galaxy F13,NightskyGreen,"1,11,744","6,424",4 GB,64 GB,,"11,999","23,999",37
832,DIZO,DIZO Star 500,,"12,421","1,467",32 MB,32 MB,,"1,899","10,999",27
833,POCO,POCO C31 ,RoyalBlue,"1,87,995","11,329",4 GB,64 GB,,"7,499",829,6%
834,SAMSUNG,SAMSUNG Galaxy F235G,ForestGreen,"1,40,978","11,531",6 GB,128 GB,,"14,999","11,999",37
835,MOTOROLA,MOTOROLA e40 ,CarbonGray,"59,846","5,853",4 GB,64 GB,,"7,999","10,999",40
836,I Kall ,I Kall KingTalking ContacticonandAuto,,"15,092","1,403",32 MB,32 MB,4.57 cm (1.8 inch) Display,774,"10,999",27
837,I Kall ,I Kall Z7UltraSeries,Blue,343,35,4 GB,32 GB,15.9 cm (6.26 inch) Display,"5,989","6,299",4%
838,Tecno,Tecno Camon 19,SeaSaltWhite,195,21,6 GB,128 GB,,"14,980","15,449",3%
839,REDMI,REDMI 10 ,CaribbeanGreen,"1,70,664","10,998",4 GB,64 GB,,"8,999","14,999",40
840,APPLE,APPLE iPhone 14,Midnight,"4,247",163,,128 GB,15.49 cm (6.1 inch) Super Retina XDR Display,"67,999","79,900",14
841,APPLE,APPLE iPhone 11,White,"1,78,400","10,573",,64 GB,15.49 cm (6.1 inch) Liquid Retina HD Display,"37,999","43,900",13
842,APPLE,APPLE iPhone 14,Blue,"4,247",163,,128 GB,15.49 cm (6.1 inch) Super Retina XDR Display,"67,999","79,900",14
843,REDMI,REDMI 10 ,PacificBlue,"1,70,664","10,998",4 GB,64 GB,,"8,999","14,999",40
844,I Kall ,I Kall K3312,,"12,298","1,161",32 MB,64 MB,,999,"14,999",40
845,REDMI,REDMI 10 ,MidnightBlack,"1,70,664","10,998",4 GB,64 GB,,"8,999","19,999",40
846,POCO,POCO M4 Pro,CoolBlue,"1,34,237","12,247",6 GB,128 GB,,"11,999","43,900",13
847,APPLE,APPLE iPhone 11,Black,"1,78,400","10,573",,64 GB,15.49 cm (6.1 inch) Liquid Retina HD Display,"37,999","17,999",38
848,DIZO,DIZO Star 300,,"9,590","1,140",32 MB,32 MB,,"1,485","17,999",38
849,POCO,POCO M4 Pro,CoolBlue,"1,34,237","12,247",6 GB,64 GB,,"10,999","14,999",20
850,POCO,POCO M4 Pro,Yellow,"1,34,237","12,247",6 GB,64 GB,,"10,999","11,999",37
851,SAMSUNG,SAMSUNG Galaxy F13,NightskyGreen,"1,11,744","6,424",4 GB,64 GB,,"11,999","23,999",37
852,DIZO,DIZO Star 500,,"12,421","1,467",32 MB,32 MB,,"1,899","10,999",27
853,POCO,POCO C31 ,RoyalBlue,"1,87,995","11,329",4 GB,64 GB,,"7,499",829,6%
854,SAMSUNG,SAMSUNG Galaxy F235G,ForestGreen,"1,40,978","11,531",6 GB,128 GB,,"14,999","11,999",37
855,MOTOROLA,MOTOROLA e40 ,CarbonGray,"59,846","5,853",4 GB,64 GB,,"7,999","10,999",40
856,I Kall ,I Kall KingTalking ContacticonandAuto,,"15,092","1,403",32 MB,32 MB,4.57 cm (1.8 inch) Display,774,"10,999",27
