Brand,stars,Reviews,product_name,Disounted_price,Original_price,discount_per
HRX,4.3,59.6,Printed Cotton Pure Cotton T-shirt,384,699,45
HRX,4.2,48.4,Printed Pure Cotton T-shirt,454,699,35
HRX,4.3,6.2,Men Running Socks,224,499,55
HRX,4.4,12.1,Ultralyte Men Running T-shirt,494,899,45
HRX,4.2,6.3,Printed Pure Cotton T-shirt,359,899,60
HRX,4.4,3.7,Men Training Socks,244,699,65
HRX,4.3,9.8,Raglan Sleeved T-shirt,404,899,55
HRX,4.1,4.8,Men Cotton Pure Cotton T-shirt,494,899,45
HRX,4.3,1.1,Pack of 2 Lifestyle Trunks,399,799,50
HRX,4.1,13.3,Raglan Sleeved T-shirt,359,899,6
HRX,4.4,3.2,Colourblocked Round Neck T-shirt,384,699,45
HRX,4,2,U-17 Girls Rapid-Dry Tshirts,399,999,6
HRX,4.3,11.7,Rapid Dry Running T-shirt,359,899,60
HRX,3.6,2.4,Seamless Non Padded Sports Bra,384,1099,65
HRX,4.3,8.7,Rapid Dry T-shirt,404,899,55
HRX,4.5,1.1,Training Bio-Wash Tshirts,384,699,45
HRX,4.4,1.3,Lifestyle Briefs,174,499,6
HRX,4.2,13.6,Printed Athleisure Cotton Pure Cotton T-shirt,384,699,45
HRX,4.1,3.3,Printed T-shirt,404,899,55
HRX,4.3,1.1,Men Lifestyle Cap,399,799,50
HRX,4.5,1,U-17 Girls Rapid-Dry Tshirts,299,999,70
HRX,4.5,13,Women Knee Length Yoga Socks,324,1299,75
HRX,4.1,1.2,Running Bio-Wash Tshirt,454,699,35
HRX,4.4,1.4,Running Rapid-Dry Tank Top,404,899,55
HRX,4.5,2.9,Men Training Socks,299,599,50
HRX,3.8,3,Yoga Organic Cotton Tshirts,359,899,6
HRX,4.4,13,Boys Regular Fit Sports Shorts,389,1299,70
HRX,4.3,90,Lifestyle Trunk,249,499,50
HRX,4.3,1.6,Lifestyle Typographic Pure Cotton T-shirt,454,699,35
HRX,4.1,5.3,Printed Cotton Pure Cotton T-shirt,404,899,55
HRX,4.2,4,Men Running Socks,199,499,60
HRX,4.6,2,U-17 Girls Rapid-Dry Tshirts,279,799,65
HRX,4.3,63,Training Bio-Wash Tshirt,454,699,35
HRX,4.3,,U-17 Girls Lifestyle T-shirt,271,799,6
HRX,,,Print Detail T-shirt,494,899,45
HRX,4.4,44,U-17 Boys Lifestyle Tshirts,215,799,73
HRX,4.2,4.2,Ultralyte Men Running T-shirt,404,899,55
HRX,4.6,3,U-17 Girls Rapid-Dry Tshirts,399,999,6
HRX,4.1,9.2,RAPID-DRY T-shirt,404,899,55
HRX,4.1,4,U-17 Girls Lifestyle Tshirts,319,799,6
HRX,4.2,57,Lifestyle Boxer Briefs,249,499,50
HRX,4.4,16,Lifestyle Innerwear Vest,274,549,50
HRX,4.1,44,Lifestyle Bio-Wash Tshirts,454,699,35
HRX,4.4,27,Lifestyle Antimicrobial Trunk,247,549,55
HRX,4.3,3,U-17 Girls Lifestyle Tshirt,443,1199,6
HRX,4.6,1.1,Women Running Socks,244,699,65
HRX,4.2,5.1,Men Rapid Dry Running T-shirt,419,1199,65
HRX,4.5,25,U-17 Girls Lycra Sports Bra,449,999,55
HRX,4.3,2,U-17 Girls Active Tshirts,407,1199,6
HRX,4.3,45,Men Running Cap,449,899,50
HRX,4.3,2.4,Seamless Rapid Dry Yoga Bra,494,1099,55
HRX,4.5,91,Men Running Socks,179,449,60
HRX,4.5,1.5,Men Lifestyle Socks,244,699,65
HRX,4,95,Printed T-shirt,384,699,45
HRX,4.2,5.1,Slim Rapid Dry Raglan T-shirt,359,899,6
HRX,4.4,21,Lifestyle Antimicrobial Briefs,192,549,65
HRX,3.9,1.1,Printed Pure Cotton T-shirt,279,699,60
HRX,4.5,1.2,Women Lifestyle Socks,202,449,55
HRX,4.5,1,Rapid-Dry Tank Top,439,1099,60
HRX,4.4,1,Men Training Socks,244,699,65
HRX,4.5,2.2,Men Training Socks,239,599,60
HRX,4.3,32,Girls U-17 Active Tshirt,239,799,70
HRX,4.2,2,U-17 Girls Lifestyle Tshirts,239,799,70
HRX,4.2,72,Men Pack of 2 Trunks,449,899,50
HRX,4.5,74,Running Bio-Wash Pure Cotton T-shirt,454,699,35
HRX,,,Running Rapid-Dry T-shirts,494,899,45
HRX,4.4,45,Men Pack of 3 Sports Socks,244,699,65
HRX,,,Active Rapid-Dry Tshirt,319,799,60
HRX,4.2,19,Lifestyle Innerwear Vests,299,599,50
HRX,4.2,5,Unisex Beanie,399,999,60
HRX,4.4,14,U-17 Girls Active Lycra Tights,449,1499,70
HRX,4.2,,Racketsport Rapid-Dry Tshirts,494,899,45
HRX,,,Print Detail T-shirt,494,899,45
HRX,4.5,2.4,Men Running Socks,299,599,50
HRX,4.3,5,Men Solid Shorts,449,899,50
HRX,4.3,4,Men Solid Shorts,449,899,50
HRX,4.4,1,Running Antimicrobial Tshirts,419,699,40
HRX,4.1,4,Training Rapid-Dry T-shirt,359,899,60
HRX,4,7,Non Padded Cami Sports Bra,349,699,50
HRX,4.4,5,Women Solid Yoga T-shirt,359,899,6
HRX,4.6,1,Running Antimicrobial Tshirts,419,699,40
HRX,4.4,3.5,Men Training Socks,287,599,52
HRX,4,1,U-17 Girls Active Sports Bra,489,1399,6
HRX,4.5,1,U-17 Girls Printed T-shirt,407,1199,6
HRX,3.8,57,Running Bio-Wash Pure Cotton T-shirt,419,699,40
HRX,4.5,2,Brand Logo Running T-shirt,409,999,59
HRX,4.6,7,Training Rapid-Dry Tshirts,494,899,45
HRX,3.6,1,Running Antimicrobial T-shirt,419,699,40
HRX,4.4,36,Men Pack of 3 Sports Socks,262,749,65
HRX,4.3,1.6,Printed Active T-Shirt,439,1099,6
HRX,3.5,1,U-17 Girls Lifestyle T-shirt,407,1199,6
HRX,4.3,31,Running Rapid-Dry Tshirt,494,899,45
HRX,4.1,67,Lifestyle Crew Neck Pure Cotton T-shirts,359,899,6
HRX,4.3,10,Training Rapid-Dry Tshirts,439,1099,6
HRX,4.1,41,Training Bio-Wash Tshirt,454,699,35
HRX,4.3,2.7,Men Running Socks,257,599,57
HRX,4.2,22,Lifestyle Innerwear Vest,247,549,55
HRX,4.3,3,Men Training Socks,224,499,55
HRX,4.2,1.3,Lifestyle Throwback Briefs,249,499,50
HRX,,,Yoga Pure Cotton Sustainable T-shirt,494,899,45
HRX,4.7,4,Unisex Printed Beanie,399,999,60
HRX,4.6,3,Set of 2 PerformanceWristbands,179,449,60
HRX,3.8,,Running Antimicrobial T-shirt,419,699,40
HRX,,,Racketsport Rapid-Dry T-Shirt,494,899,45
HRX,,,Racketsport Rapid-Dry Tshirts,494,899,45
HRX,4.1,21.8,Unisex 3 Pcs 4-Ply Facemasks,279,799,65
HRX,4.3,1,Solid Beginners Sports Bra,479,1599,70
HRX,,,Men Printed Slim Fit T-shirt,494,899,45
HRX,4.3,87,Printed Detail Training Tank,419,699,40
HRX,4.4,30,Men Running Cap,314,899,65
HRX,4.6,,U-17 Girls Lifestyle Tshirt,407,1199,6
HRX,4.8,1,Bio-Wash Athleisure Tshirt,384,699,45
HRX,4.5,1,Lifestyle Bio-Wash T-shirt,384,699,45
HRX,,,Training Bio-Wash Tshirts,494,899,45
HRX,4.5,2,U-17 Boys Lifestyle Tshirts,329,599,45
HRX,4.3,8.3,Slim Rapid Dry Raglan T-shirt,494,899,45
HRX,,,Men T-shirt,449,899,50
HRX,4.4,13,Boys Regular Fit Sports Shorts,389,1299,70
HRX,4.3,14,U-17 Boys Active Shorts,419,1399,70
HRX,,,Print Detail T-shirt,479,799,40
HRX,4.5,1.4,Men Training Socks,274,549,50
HRX,4.4,2,Men Printed Thong Flip-Flops,494,1099,55
HRX,4.4,1,Rapid-Dry Training T-Shirt,404,899,55
HRX,4.1,1,Running Antimicrobial Tshirts,419,699,40
HRX,4.8,1,U-17 Girls Printed T-shirt,359,1199,70
HRX,4.4,4,Set of 2 PerformanceWristbands,179,449,60
HRX,4.4,,Women Brand Logo Printed T-shirt,399,799,50
HRX,4.5,1.8,Women Lifestyle Socks,199,499,60
HRX,3.8,40,Lifestyle Typographic Tshirt,454,699,35
HRX,4.5,2,Girls Cotton T-shirt,319,799,6
HRX,4.2,,Training Rapid-Dry Tshirts,494,899,45
HRX,5,,Rapid-Dry Training T-Shirt,404,899,55
HRX,,,Brand Logo Running T-shirt,405,699,42
HRX,4,21,Lifestyle Bio-Wash Pure Cotton T-shirt,359,899,6
HRX,4.1,3,Lifestyle Bio-Wash Tshirt,359,899,60
HRX,4.2,23,Lifestyle Innerwear Vests,472,1049,55
HRX,4,,Lifestyle Bio-Wash T-shirt,384,699,45
HRX,4.6,2,U-17 Girls Active Tshirts,443,1199,6
HRX,4.3,41,Men Pack of 3 Socks,227,649,65
HRX,4,,Rapid-Dry Training T-Shirt,409,999,59
HRX,3.7,1,U-17 Boys Lifestyle Tshirt,239,799,70
HRX,4.7,2,Training Rapid-Dry Tshirts,494,899,45
HRX,4.6,1,Running Antimicrobial Tshirts,419,699,40
HRX,,,Lifestyle Bio-Wash Tshirts,419,699,40
HRX,4.2,1,U-17 Girls Lifestyle Tshirt,407,1199,6
HRX,4.2,14,Lifestyle Innerwear Vests,239,599,60
HRX,,,Men Typography Printed T-shirt,449,899,50
HRX,4.6,1.3,Women Training Socks,244,699,65
HRX,4.1,1,Men Rapid-Dry Running T-Shirt,405,699,42
HRX,3.9,9,U-17 Active Printed Sweatshirt,419,1399,70
HRX,,,Men Training Rapid-Dry Tshirts,494,899,45
HRX,4.4,2,Men Printed Thong Flip-Flops,494,1099,55
HRX,4,,Racketsport Bio-Wash Tshirt,499,899,Rs
HRX,4.6,6,U-17 Girls Lifestyle T-shirt,239,599,60
HRX,,,Lifestyle Bio-Wash T-shirt,419,699,40
HRX,3.2,,Men Lifestyle Bio-Wash T-shirt,419,699,40
HRX,4.5,71,Set of 3 Ankle-Length Socks,239,599,60
HRX,4.1,,U-17 Girls Active Sports Bra,431,1599,73
HRX,4.6,6,U-17 Girls Lifestyle T-shirt,239,599,60
HRX,4.6,,Print Detail T-shirt,479,799,40
HRX,4.4,,Training Rapid-Dry Tshirts,494,899,45
HRX,,,Training Rapid-Dry Tshirts,494,899,45
HRX,3,,Running Rapid-Dry T-shirt,494,899,45
HRX,4.3,1.4,Solid Round Neck T-shirt,454,699,35
HRX,4.4,9,U-17 Girls Active T-shirts,271,799,6
HRX,4.2,3,Running Antimicrobial Tshirts,454,699,35
HRX,,,Training Rapid-Dry Tshirts,494,899,45
HRX,4.7,2,U-17 Girls Active Sports Bra,489,1399,6
HRX,,,Men Training Rapid-Dry Tshirts,494,899,45
HRX,,,Yoga Organic Cotton Sustainable Tshirts,494,899,45
HRX,4.6,1.6,Women Training Socks,244,699,65
HRX,4.4,2.5,Men Lifestyle Socks,239,599,60
HRX,3.2,,Men Lifestyle Bio-Wash T-shirt,419,699,40
HRX,,,Yoga Organic Cotton Sustainable Tshirts,494,899,45
HRX,,,Lifestyle Bio-Wash Tshirt,384,699,45
HRX,4.1,1,Active Rapid-Dry Tshirt,359,799,55
HRX,4.1,30,Bio-Wash Running Pure Cotton T-shirt,419,699,40
HRX,4.1,2,Slip On Bio-Wash Sports Bra,359,799,55
HRX,,,Bio-Wash Football T-shirt,400,899,Rs
HRX,3.7,,Training Rapid-Dry Tshirts,494,899,45
HRX,4.8,2,U-17 Girls Lifestyle Tshirts,339,999,6
HRX,4.7,2,Yoga Melange Sustainable T-shirt,359,899,60
HRX,3.5,,Girls Pack of 3 Socks,454,699,35
HRX,4.4,45,Men Pack of 3 Socks,227,649,65
HRX,4.2,1.5,Men Lifestyle Socks,199,499,60
HRX,4.4,1,U-17 Girls Rapid-Dry Tshirts,339,999,6
HRX,4.3,3,Training Rapid-Dry T-shirt,359,899,60
HRX,3.7,,Training Rapid-Dry Tshirts,494,899,45
HRX,4.8,2,U-17 Girls Lifestyle Tshirts,339,999,6
HRX,,,Bio-Wash Football T-shirt,400,899,Rs
HRX,4.1,67,Lifestyle Crew Neck Pure Cotton T-shirts,359,899,6
HRX,4.4,3,U-17 Girls Active Tshirt,295,799,6
HRX,,,Men Lifestyle Bio-Wash T-shirt,419,699,40
HRX,,,Lifestyle Bio-Wash Tshirt,384,699,45
HRX,,,Basketball Bio-Wash Tshirt,499,899,Rs
HRX,,,Basketball Bio-Wash Tshirt,499,899,Rs
HRX,3.8,3,Pack Of 3 Ankle Length Socks,244,699,65
HRX,4.1,56,Yoga Bio-Wash Tshirt,349,699,50
HRX,3.9,1,U-17 Girls Lifestyle T-shirt,407,1199,6
HRX,4.3,1.2,Lifestyle Punt Briefs,224,499,55
HRX,,,Training Bio-Wash Tshirts,494,899,45
HRX,4.7,1,Training Rapid-Dry Tshirts,494,899,45
HRX,,,Basketball Bio-Wash Tshirt,400,899,Rs
HRX,,,Bio-Wash Football T-shirt,360,899,Rs
HRX,4.4,1,U-17 Girls Lifestyle T-shirt,295,799,6
HRX,4.1,82,Yoga Bio-Wash Tshirt,419,699,40
HRX,3.5,1,Men Striped Thong Flip-Flops,439,1099,60
HRX,4.3,5,Slip On Non Padded Sports Bra,314,699,55
HRX,4.6,1,U-17 Girls Active Sports Bra,475,1399,6
HRX,4.7,2,Set of 2 PerformanceWristbands,179,449,60
HRX,4.4,,Men Printed Rapid Dry T-shirt,449,899,50
HRX,4.1,2,U-17 Girls Active Shorts,407,1199,6
HRX,,,Bio-Wash Football T-shirt,359,899,Rs
HRX,4.4,2.2,Men Training Socks,269,599,55
HRX,,,Racketsport Bio-Wash Tshirt,440,1099,Rs
HRX,,,Basketball Bio-Wash Tshirt,400,899,Rs
HRX,,,Bio-Wash Football T-shirt,360,899,Rs
HRX,,,Men Brand Logo Printed T-shirt,494,899,45
HRX,4.2,41,Lifestyle Printed Pure Cotton T-shirt,454,699,35
HRX,,,Basketball Bio-Wash Tshirt,499,899,Rs
HRX,,,Yoga Pure Cotton Sustainable T-shirt,494,899,45
HRX,4.2,3,Racket Sports Bio-Wash T-shirt,359,899,6
HRX,4.4,1.6,Rapid Dry Running Tank Top,359,899,60
HRX,4.3,1,U-17 Boys Lifestyle T-shirt,239,799,70
HRX,4.2,72,Printed Top,349,699,50
HRX,4.3,14,Women Printed Running Pure Cotton T-shirt,419,699,40
HRX,4.2,3,Lifestyle Bio-Wash Tshirts,384,699,45
HRX,,,Yoga Pure Cotton Sustainable T-shirt,494,899,45
HRX,4.2,3,Racket Sports Bio-Wash T-shirt,359,899,6
HRX,,,Brand Logo Running T-shirt,405,699,42
HRX,4.6,5,Unisex Solid Beanie,314,899,65
HRX,4.6,3,Set of 2 PerformanceWristbands,179,449,60
HRX,4.5,1,Running Antimicrobial T-shirt,384,699,45
HRX,4,47,Training Bio-Wash Tshirt,419,699,40
HRX,4.4,,Joggers,419,1199,65
HRX,4,47,Training Bio-Wash Tshirt,419,699,40
HRX,4.5,3,U-17 Boys Rapid-Dry Tshirts,359,799,55
HRX,,,Active Rapid-Dry Tshirts,479,1199,60
HRX,4.9,1,Men 3 Pcs Ankle Length Socks,312,549,4
HRX,4.6,,Rapid-Dry Training T-Shirt,404,899,55
HRX,4.9,,U-17 Girls Rapid-Dry Tshirts,455,799,4
HRX,4.8,1,Training Rapid-Dry Tshirts,494,899,45
HRX,4.6,5,Unisex Set of 2 Wristbands,179,449,60
HRX,4,,U-17 Girls Rapid-Dry Tshirts,455,799,4
HRX,4.2,70,Basketball Rapid Dry Tank Top,439,1099,6
HRX,4.5,41,Unisex Lifestyle Cap,349,999,65
HRX,3.7,1,Women Brand Logo Printed T-shirt,399,799,50
HRX,4,7,Non Padded Cami Sports Bra,349,699,50
HRX,4.2,3,U-17 Boys Lifestyle T-shirt,349,999,6
HRX,4.1,16,Lifestyle Innerwear Vests,494,1099,55
HRX,4.4,29,Women Solid Yoga Socks,209,699,70
HRX,4.3,3,U-17 Boys Lifestyle Tshirts,299,999,70
HRX,4.1,19,Outdoor Rapid-Dry T-shirt,479,1199,6
HRX,4.4,1,Rapid-Dry Training T-Shirt,405,699,42
HRX,3.3,,U-17 Girls Lifestyle Tshirt,407,1199,6
HRX,4.3,22,U-17 Active RapidDry Tshirt,319,799,60
HRX,4.3,1,Women Brand Logo Printed T-shirt,399,799,50
HRX,4.2,6,Men Solid Shorts,449,899,50
HRX,4.5,4,U-17 Boys Rapid-Dry Tshirts,399,999,6
HRX,,,Men Printed Thong Flip-Flops,439,1099,60
HRX,,,Boys Typography Cotton T-shirt,399,799,50
HRX,,,Active Rapid-Dry Tshirts,479,1199,60
HRX,4.3,43,Printed Bio-Wash Yoga Pure Cotton T-shirt,419,699,40
HRX,4.5,87,Women Training Socks,244,699,65
HRX,4.4,3,Unisex Set of 2 Wristbands,179,449,60
HRX,4.4,14,Boys Pack of 3 Sports Socks,179,599,70
HRX,,,U-17 Girls Rapid-Dry Tshirts,479,1199,60
HRX,4.3,24,Lifestyle Innerwear Vests,472,1049,55
HRX,4.6,2,Brand Logo Running T-shirt,409,999,59
HRX,4.3,4,Lifestyle Bio-Wash Tshirts,419,699,40
HRX,4.3,2,U-17 Girls Lifestyle T-shirt,239,799,70
HRX,4.5,,Brand Logo Running T-shirt,409,999,59
HRX,4.4,2,U-17 Boys Lifestyle T-shirt,399,999,6
HRX,4.3,12,Lifestyle Innerwear Vest,239,599,60
HRX,4.2,21,U-17 Active Solid Sweatshirt,439,1099,60
HRX,4.7,1,Girls Pack of 3 Socks,192,549,65
HRX,4.4,11,Printed Round Neck T-shirt,419,699,40
HRX,4.3,17,Women Knee-Length Yoga Socks,419,1399,70
HRX,4.5,2,Rapid-Dry Training T-Shirt,404,899,55
HRX,4.3,1,U-17 Girls Lifestyle Shorts,359,1199,70
HRX,4.3,,Pack Of 3 Calf Length Socks,299,749,60
HRX,4.2,79,Lifestyle Trunk,246,449,45
HRX,3.6,2,Slip On Bio-Wash Sports Bra,359,799,55
HRX,4,4,Slip On Non Padded Sports Bra,349,699,50
HRX,4.4,3,Running Rapid-Dry Tshirts,399,999,60
HRX,4.2,,Active Rapid-Dry Tshirts,319,799,60
HRX,,,U-17 Girls Lifestyle Tshirt,419,1199,65
HRX,,,Men Striped Thong Flip-Flops,439,1099,60
HRX,4.3,32,Men Lifestyle Cap,449,999,55
HRX,4.6,,U-17 Girls Active Sports Bra,489,1399,65
HRX,,,Men Typography Printed Loose T-shirt,440,899,51
HRX,4.5,2,Yoga Bio-Wash Tshirts,449,999,55
HRX,4.4,1,Lifestyle Bio-Wash Tshirts,359,799,55
HRX,4.5,2,Yoga Bio-Wash Tshirts,404,899,55
HRX,4.1,33,Running Bio-Wash Pure Cotton T-shirts,454,699,35
HRX,4.6,2,U-17 Boys Rapid-Dry Tshirts,339,999,6
HRX,4.1,65,Yoga Bio-Wash Pure Cotton T-shirt,419,699,40
HRX,4.2,3,Lifestyle Bio-Wash Tshirts,419,699,40
HRX,4.6,1,Unisex Set of 2 Wristbands,179,449,60
HRX,4,5,Men Solid Shorts,449,899,50
HRX,,,Training Bio-Wash Tshirts,494,899,45
HRX,4.1,2,Unisex Self Design Beanie,399,999,60
HRX,4.3,32,Men Lifestyle Cap,449,899,50
HRX,4.6,,Training Rapid-Dry Tshirts,494,899,45
HRX,3.9,5,Training Rapid-Dry Tshirts,494,899,45
HRX,4.4,28,U-17 Boys Lifestyle   Pure Cotton Tshirts,389,599,35
HRX,4.4,11,Printed Round Neck T-shirt,419,699,40
HRX,4.2,3,Men Solid Shorts,449,899,50
HRX,4.7,1,Girls HRX-U-17 Active T-shirt,407,1199,6
HRX,,,Boys Printed T-shirt,399,799,50
HRX,4,48,Yoga Bio-Wash Pure Cotton T-shirt,419,699,40
HRX,4.3,3,Yoga Bio-Wash Tshirts,499,999,50
HRX,4.2,1,U-17 Girls Active Tshirt,407,1199,6
HRX,4.3,24,Lifestyle Innerwear Vests,494,1099,55
HRX,4.3,3,U-17 Girls Lifestyle Tshirts,339,999,6
HRX,4.2,18,Women Half-Toe Yoga Socks,209,699,70
HRX,4.3,3,U-17 Boys Lifestyle T-shirts,319,799,6
HRX,,,Running Antimicrobial T-shirts,384,699,45
HRX,4.5,1.1,Men Training Socks,372,980,62
HRX,4.6,2,Lifestyle Bio-Wash Tshirts,384,699,45
HRX,4.2,14,Lifestyle Innerwear Vests,239,599,60
HRX,4.5,3,Yoga Rapid-Dry Tops,439,1099,60
HRX,4.3,2,Running Rapid-Dry Tshirts,439,1099,60
HRX,3.6,4,Slip On Non Padded Sports Bra,314,699,55
HRX,4.1,3.5,Unisex 3 Pcs 4-Ply Facemasks,239,799,70
HRX,3.9,1,Training Rapid-Dry T-shirt,359,899,60
HRX,4.2,38,Men Round Neck Running Pure Cotton T-shirt,419,699,40
HRX,4.7,5,Training Rapid-Dry Tshirts,494,899,45
HRX,4.1,3,Lifestyle Bio-Wash Tshirts,384,699,45
HRX,4.2,2,Racket Sports Rapid-Dry Tshirt,359,899,6
HRX,4.5,5,Training Camo Tshirts,439,1099,60
HRX,4.4,30,U-17 Girls Lycra Sports Bra,499,999,50
HRX,4.5,3,U-17 Boys Active Shorts,419,1399,70
HRX,4.3,1,Women Lifestyle Cotton Shorts,479,1199,60
HRX,,,Boys Running Rapid-Dry Tshirt,359,899,60
HRX,4.2,20,Women Solid Cut-Out Yoga Sock,209,699,70
HRX,4.4,92,Men Training Socks,335,780,57
HRX,4.2,5,U-17 Boys Rapid-Dry Tshirts,319,799,6
HRX,4.4,3,Running Antimicrobial T-shirt,419,699,40
HRX,4.2,20,Lifestyle Innerwear Vests,472,1049,55
HRX,4.1,1,Training Bio-Wash T-shirt,494,899,45
HRX,,,Men Striped Thong Flip-Flops,439,1099,60
HRX,4.1,56,Yoga Bio-Wash Pure Cotton T-shirt,419,699,40
HRX,,,Men Brand Logo Printed T-shirt,449,899,50
HRX,,,Boys Typography Cotton T-shirt,399,799,50
HRX,,,Men Printed Thong Flip-Flops,439,1099,60
HRX,,,Men Pack of 4 Socks,386,899,57
HRX,4,5,Men Solid Shorts,449,899,50
HRX,4.3,40,Men Lifestyle Cap,494,1099,55
HRX,4.2,4,U-17 Boys Lifestyle Track Pant,475,1399,6
HRX,4.3,24,Unisex Lifestyle Cap,449,1499,70
HRX,4.1,86,Yoga Bio-Wash Tshirt,419,699,40
HRX,4.3,71,Unisex Lifestyle Cap,404,899,55
HRX,4.8,1,Active Rapid-Dry Tshirts,439,1099,60
HRX,,,Men Rapid-Dry Running T-Shirt,405,699,42
HRX,,,Rapid-Dry Training T-Shirt,404,899,55
HRX,4.3,23,U-17 Boys Lifestyle Tshirts,479,599,20
HRX,4.3,16,Lifestyle Innerwear Vests,494,1099,55
HRX,4.5,1,Womens Set of 3 Socks,174,699,75
HRX,,,Running Rapid-Dry T-shirt,494,899,45
HRX,4.3,6,Men Bio-Wash Training Pure Cotton T-shirt,419,699,40
HRX,4.3,3,U-17 Boys Lifestyle T-shirts,319,799,6
HRX,4.5,1,Pack Of 3 Ankle Length Socks,279,699,60
HRX,4,1,Men Typography Shorts,499,999,50
HRX,4,,Lifestyle Bio-Wash Tshirts,349,699,50
HRX,4.2,3,Lifestyle Bio-Wash T-shirt,384,699,45
HRX,,,Training Bio-Wash Tshirts,494,899,45
HRX,3.9,1,Rapid-Dry Training T-Shirt,405,699,42
HRX,4.2,1,Lifestyle Bio-Wash Tshirts,439,799,4
HRX,4.5,2,Rapid-Dry Training T-Shirt,404,899,55
HRX,4.6,4,Unisex Set of 2 Wristbands,179,449,60
HRX,4.5,25,Unisex Solid Baseball Cap,439,1099,60
HRX,,,Boys Active Rapid-Dry Tshirts,439,799,45
HRX,3.8,1,Yoga Rapid-Dry Sustainable Tops,439,1099,60
HRX,4.3,6,Unisex Cotton Baseball Cap,399,999,60
HRX,4,1,Lifestyle Bio-Wash Tshirts,419,699,40
HRX,4.5,1,Boy Packof 3 Ankle-Length Sock,192,549,65
HRX,4.1,2,Lifestyle Bio-Wash Tshirts,419,699,40
HRX,4.6,13,Printed Training T-shirt,449,999,55
HRX,4.1,3,U-17 Boys Lifestyle Tshirt,399,999,60
HRX,,,Lifestyle Bio-Wash T-Shirts,349,699,50
HRX,4.6,7,Yoga Organic Cotton Sustainable Tshirt,439,1099,60
HRX,4.4,8,Unisex Solid Face Towel,349,999,65
HRX,4.4,6,Lifestyle Bio-Wash Tshirts,384,699,45
HRX,,,Girls Active Rapid-Dry T-shirt,499,999,50
HRX,4.6,1,Training Rapid-Dry Tshirts,494,899,45
HRX,,,Girls Running Rapid-Dry Tshirt,499,999,50
HRX,4.2,14,Printed Round Neck T-shirt,419,699,40
HRX,4.3,7,Training Rapid-Dry Tshirts,494,899,45
HRX,4.5,1,Active Rapid-Dry Tshirts,439,1099,60
HRX,4.4,3,Pack of 3 Ankle Length Socks,299,749,60
HRX,4.1,79,Yoga Bio-Wash Pure Cotton T-shirt,419,699,40
HRX,4.1,4,Lifestyle Bio-Wash Tshirts,419,699,40
HRX,4.2,1.1,Yoga Bio-Wash Pure Cotton T-shirt,419,699,40
HRX,4.5,1,Training Bio-Wash Tshirts,494,899,45
HRX,4.4,40,Rapid-Dry Printed T-shirt,439,799,45
HRX,4.3,4,Racket Sport Rapid-Dry T-shirt,359,899,6
HRX,4.3,1,Girls HRX-U-17 Active T-shirt,407,1199,6
HRX,,,U-17 Girls Lifestyle Shorts,499,999,50
HRX,4.6,,U-17 Girls Lifestyle Tshirts,407,1199,6
HRX,4.1,,Slip On Bio-Wash Sports Bra,359,799,55
HRX,4.1,7,Men Training Rapid-Dry Tshirts,359,899,6
HRX,4.1,2,Running Rapid-Dry Tshirts,439,1099,60
HRX,4.1,4,Lifestyle Bio-Wash Tshirts,419,699,40
HRX,4.3,9,Training Rapid-Dry Tshirts,494,899,45
HRX,4.2,1.1,Yoga Bio-Wash Pure Cotton T-shirt,419,699,40
HRX,4.5,1,Training Bio-Wash Tshirts,494,899,45
HRX,4.3,4,Racket Sport Rapid-Dry T-shirt,359,899,6
HRX,4.3,6,U-17 Girls Active Tights,441,1299,6
HRX,4.3,1,Yoga Bio-Wash Tshirts,449,999,55
HRX,,,Active Rapid-Dry Tshirts,439,1099,60
HRX,4.4,3,Racket Sport Rapid-Dry T-shirt,359,899,6
HRX,4.2,2.2,3 Pcs 4-Layer Face Masks,319,799,60
HRX,4.2,,Women Brand Logo Printed T-shirt,399,799,50
HRX,4.1,1,Girls HRX-U-17 Active T-shirt,407,1199,6
HRX,,,U-17 Girls Active Sports Bra,431,1599,73
HRX,4.7,2,Women Training Rapid-Dry Tops,439,1099,60
HRX,4.4,,Boys Lifestyle Track Pants,479,1199,60
HRX,4.5,,Rapid-Dry Training T-Shirt,405,699,42
HRX,4.8,1,Rapid-Dry Training T-Shirt,405,699,42
HRX,4.2,13,Men Solid Lounge Sustainable T-shirt,494,899,45
HRX,4.1,44,Yoga Bio-Wash Pure Cotton T-shirt,419,699,40
HRX,4.6,2,U-17 Girls Lifestyle Tshirt,271,799,6
HRX,4.7,4,Running Rapid-Dry Tshirts,399,999,60
HRX,4.3,,Running Rapid-Dry Tshirts,494,899,45
HRX,4.3,35,Men Lifestyle Cap,404,899,55
HRX,3.9,1,U-17 Boys Bio-Wash Tshirts,479,799,4
HRX,4.4,3,Running Antimicrobial T-shirt,419,699,40
HRX,4.5,3,Active Rapid-Dry Tshirts,319,799,60
HRX,4.3,8,U-17 Girls Lifestyle T-shirt,299,599,50
HRX,4.2,12,Pure Cotton Yoga Sustainable T-shirt,494,899,45
HRX,4.5,92,Printed Round Neck T-shirt,494,899,45
HRX,,,Lifestyle Bio-Wash Tshirts,384,699,45
HRX,4.1,3,Training Bio-Wash T-shirt,494,899,45
HRX,4.6,2,Men Typography Printed T-shirt,359,899,6
HRX,4.6,2,Training Rapid-Dry T-shirt,359,899,60
HRX,3.9,1,Rapid-Dry Training T-Shirt,405,699,42
HRX,4.2,9,Men Brand Logo Printed T-shirt,359,899,6
HRX,4.4,1,Active Rapid-Dry Tshirts,319,799,60
HRX,,,Boys Solid Lifestyle Shorts,449,899,50
HRX,4.4,6,Lifestyle Bio-Wash T-shirt,359,899,60
HRX,4.8,,Men Typography Printed T-shirt,494,899,45
HRX,4.6,,U-17 Girls Active Shorts,479,1599,70
HRX,4.3,2,Men Cotton Printed T-shirt,359,899,6
HRX,4.4,3,Basketball Rapid-Dry Tshirt,439,1099,6
HRX,4.4,6,U-17 Boys Lifestyle Tshirts,319,799,60
HRX,,,Boys Pack of 3 Ankle Socks,274,549,50
HRX,4.5,37,Men Lifestyle Cap,439,1099,60
HRX,,,Boys Pack of 3 Ankle Socks,274,549,50
HRX,4,2,Lifestyle Bio-Wash Tshirts,419,699,40
HRX,,,Boys Brand Logo Cotton T-shirt,399,799,50
HRX,4.3,3,Racketsport Rapid-Dry Tshirts,439,1099,6
HRX,4.3,1,Yoga Bio-Wash Tshirts,404,899,55
HRX,4.6,,Training Rapid-Dry Tops,494,1099,55
HRX,3,,Running Antimicrobial T-shirt,384,699,45
HRX,4.4,2,Rapid-Dry Training T-Shirt,405,699,42
HRX,,,Rapid-Dry Training T-Shirt,409,999,59
HRX,4.5,2,Yoga Organic Tshirt,439,1099,60
HRX,4.4,4,U-17 Girls Active Shorts,447,1399,68
HRX,4.8,,Training Rapid-Dry T-shirt,494,899,45
HRX,4.3,,U-17 Boys Rapid-Dry Tshirts,319,799,60
HRX,4.5,1,Training Rapid-Dry Top,439,1099,60
HRX,4.4,2,U-17 Boys Active Shorts,359,1199,70
HRX,,,Men Brand Logo Printed T-shirt,449,899,50
HRX,,,Women Brand Logo Printed T-shirt,399,799,50
HRX,3.9,,Men Rapid-Dry Running T-Shirt,405,699,42
HRX,4.2,25,Yoga Bio-Wash Pure Cotton T-shirt,419,699,40
HRX,3.7,2,Men Typography Shorts,499,999,50
HRX,,,Running Antimicrobial T-shirts,384,699,45
HRX,,,Rapid-Dry Training T-Shirt,409,999,59
HRX,4.4,2,Rapid-Dry Training T-Shirt,405,699,42
HRX,,,Rapid-Dry Training T-Shirt,409,999,59
HRX,3.8,1,U-17 Boys Lifestyle Tshirt,339,999,6
HRX,4.3,40,Men Lifestyle Cap,399,799,50
HRX,4.3,1,Boys U-17 Lifestyle Tshirt,279,799,65
HRX,4.7,,Training Rapid-Dry Tshirt,494,899,45
HRX,4.8,1,Racketsport Rapid-Dry Tshirt,494,899,45
HRX,4.9,3,Running Rapid-Dry Tshirts,399,999,60
HRX,4.7,,Girls Shorts,475,1399,6
HRX,4.5,5,Lifestyle Bio-Wash Tshirts,349,699,50
HRX,3.9,3,Basketball Rapid-Dry Tshirts,439,1099,6
HRX,4.3,,Training Rapid-Dry Tshirt,494,899,45
HRX,,,Men Pack of 4 Socks,368,899,59
HRX,4.4,22,Lifestyle Innerwear Vest,247,549,55
HRX,4.5,,Men 3 Pcs Ankle Length Socks,244,699,65
HRX,3.7,,Men Printed T-shirt,440,899,51
HRX,,,Girls Active Rapid-Dry T-shirt,499,999,50
HRX,4.3,3,U-17 Girls Lifestyle Shorts,419,1199,65
HRX,4.1,97,Printed Athleisure Pure Cotton T-shirt,449,899,50
HRX,,,Girls Active Rapid-Dry T-shirt,499,999,50
HRX,4.4,1,Set of 2 PerformanceWristbands,179,449,60
HRX,4.2,3,Unisex U-17 Drawstring Bag,449,1499,70
HRX,4.6,2,Running Rapid-Dry Tshirts,439,1099,60
HRX,4,,Outdoor Rapid-Dry Tshirts,494,899,45
HRX,,,Running Antimicrobial T-shirt,384,699,45
HRX,4.6,4,Lifestyle Bio-Wash T-shirt,384,699,45
HRX,4.4,2,Basketball Rapid-Dry Tshirts,359,899,6
HRX,4.3,5,Lifestyle Bio-Wash Tshirts,384,699,45
HRX,,,Men Charge Deodorant 250 ml,314,449,30
HRX,4.4,1,Set of 2 PerformanceWristbands,179,449,60
HRX,,,Girls Active Rapid-Dry T-shirt,499,999,50
HRX,,,Active Rapid-Dry Tshirts,479,1199,60
HRX,4.1,3,Yoga T-shirt,439,1099,60
HRX,4.2,3,Unisex U-17 Drawstring Bag,449,1499,70
HRX,,,Girls Active Rapid-Dry T-shirt,499,999,50
HRX,3.7,,Men Cotton Printed T-shirt,440,899,51
HRX,4.2,4,Yoga Organic Cotton Tshirts,359,899,6
HRX,4.4,5,Basketball Rapid-Dry Tshirts,439,1099,6
HRX,4.4,22,Lifestyle Innerwear Vest,247,549,55
HRX,4.3,2,U17 Girls Rapid-Dry Shorts,447,1399,68
HRX,4.1,3,Yoga Tshirts,439,1099,6
HRX,4,,Lifestyle Bio-Wash Tshirt,349,699,50
HRX,4.3,9,Boys Slim Fit T-shirt,499,999,50
HRX,3.8,,Lifestyle Bio-Wash Tshirt,349,699,50
HRX,4.6,1,Yoga Rapid-Dry Sustainable T-shirt,359,899,60
HRX,4.1,4,Running Antimicrobial T-shirt,384,699,45
HRX,4.3,64,Women Printed Running Pure Cotton T-shirt,494,899,45
HRX,3.9,1,Yoga Melange Sustainable Tops,439,1099,60
HRX,3.9,1,Lifestyle Bio-Wash T-Shirts,384,699,45
HRX,,,Lifestyle Bio-Wash Tshirt,349,699,50
HRX,4.7,1,Lifestyle Bio-Wash T-shirt,384,699,45
HRX,4.3,1,Boys Pack of 3 Socks,244,699,65
HRX,4.4,,Lifestyle Bio-Wash T-shirts,384,699,45
HRX,4.5,2,Unisex Set of 2 Wristbands,179,449,60
HRX,4.4,4,Outdoor Rapid-Dry T-Shirt,359,899,6
HRX,4.5,2,U-17 Boys Lifestyle Tshirt,359,599,4
HRX,4.3,1,Running Antimicrobial T-shirt,384,699,45
HRX,,,Boys Lifestyle Cotton Shorts,449,899,50
HRX,,,Boys Printed Lifestyle T-shirt,359,799,55
HRX,,,Women Printed Running T-shirt,404,899,55
HRX,4.2,3,Training Rapid-Dry Tshirts,494,899,45
HRX,,,Boys Running Rapid-Dry Tshirts,449,899,50
HRX,3.8,1,U-17 Boys Bio-Wash Tshirts,439,799,4
HRX,3.8,2,Football Rapid-Dry Tshirts,479,1199,6
HRX,4.2,3,Yoga Organic Sustainable T-shirt,439,1099,60
HRX,3.8,,Boys Cotton Lifestyle Shorts,449,899,50
HRX,4.6,30,U-17 Boys Lifestyle Shorts,399,999,60
HRX,4.1,10,Lifestyle Innerwear Vests,439,1099,60
HRX,4.5,1,Running Rapid-Dry Tshirts,439,1099,60
HRX,4.3,7,Unisex Printed Face Towel,262,749,65
HRX,4.4,30,U-17 Boys Lifestyle Tshirts,399,799,50
HRX,4,,Lifestyle Athleisure Tshirt,384,699,45
HRX,4.4,,Boys 3-Pack Ankle-Length Socks,192,549,65
HRX,4.4,17,U-17 Boys Lifestyle Tshirts,359,599,40
HRX,4,2,Yoga Sustainable T-shirt,439,1099,60
HRX,4.6,25,U-17 Boys Lifestyle Pure Cotton T-shirts,359,599,40
HRX,4.5,13,Training Rapid-Dry Tshirt,349,699,50
HRX,,,U-17 Boys Lifestyle T-shirts,319,799,60
HRX,4.3,,Training Bio-Wash Tshirt,449,899,50
HRX,3.8,2,Football Rapid-Dry Tshirts,479,1199,6
HRX,4.5,1,Training Antimicrobial T-shirt,454,699,35
HRX,4.8,1,U-17 Boys Lifestyle Tshirts,239,599,60
HRX,3.8,8,Lifestyle Bio-Wash Pure Cotton T-shirt,449,899,50
HRX,,,Men Pack of 3 Socks,311,799,61
HRX,4.2,3,Men Rapid Dry Running T-shirt,449,899,50
HRX,4.3,15,U-17 Boys Lifestyle Tshirts,439,799,45
HRX,,,Men Rapid Dry T-shirt,449,899,50
HRX,4.5,9,Men Typography Printed Antimicrobial T-shirt,449,899,50
HRX,4.3,19,U-17 Boys Active Tshirts,419,599,30
HRX,4.2,4,Running Antimicrobial T-shirts,384,699,45
HRX,4.1,8,Men Printed Hyper Printed Boxy Tee,439,1099,6
HRX,4.6,1,Unisex Set of 2 Wristbands,179,449,60
HRX,4.2,1,Rapid-Dry Training T-Shirt,404,899,55
HRX,4.5,1,Rapid-Dry Training T-Shirt,404,899,55
HRX,4.3,5,Lifestyle Bio-Wash Tshirts,359,899,60
HRX,3.9,,Lifestyle Bio-Wash Tshirt,384,699,45
HRX,4,3,Women Cotton Bio-Wash Tshirts,359,899,60
HRX,4.4,28,Running Bio-Wash Pure Cotton T-shirt,384,699,45
HRX,3.7,2,Men Yoga T-shirt,439,1099,6
HRX,4.2,2,Men Yoga T-shirt,439,1099,6
HRX,3.7,6.5,Unisex PROTEKT Pack of 3 Masks,224,749,70
HRX,3.9,1,Boys Set of 3 Socks,454,699,35
HRX,4,5,Training Rapid-Dry Tshirts,359,899,6
HRX,,,Lifestyle Bio-Wash Tshirts,349,699,50
HRX,4.6,1,Lifestyle Bio-Wash Tshirts,349,699,50
HRX,3.8,,Training Rapid-Dry Tshirt,494,899,45
HRX,4.2,7,U-17 Boys Lifestyle Tshirt,499,999,50
HRX,,,Slip On Non Padded Sports Bra,449,999,55
HRX,4.4,1,Pack of 3 Above Ankle Socks,299,749,60
HRX,4.5,37,Men Lifestyle Cap,439,1099,60
HRX,4.8,,Lifestyle Bio-Wash Tshirts,384,699,45
HRX,4.5,7,U-17 Boys Lifestyle Tshirts,499,999,50
HRX,4.1,3,Boys Printed Slim Fit T-shirt,407,1199,6
HRX,4.2,3,Training Rapid-Dry Tshirts,359,899,6
HRX,4.7,,Racketsport Rapid-Dry Tshirt,494,899,45
HRX,4.6,1,Lifestyle Bio-Wash Tshirts,349,699,50
HRX,,,Training Rapid-Dry Tops,404,899,55
HRX,,,Women Printed Running T-shirt,404,899,55
HRX,4.5,1,Boys Pack of 3 Socks,192,549,65
HRX,,,Women Typography Printed T-shirt,404,899,55
HRX,4.9,1,Lifestyle Bio-Wash Tshirts,419,699,40
HRX,4.4,27,U-17 Girls Lifestyle Shorts,499,999,50
HRX,3.9,4,Yoga Organic Cotton Tshirts,439,1099,60
HRX,4.4,1,U-17 Boys Lifestyle Tshirts,339,999,6
HRX,,,U-17 Girls Lifestyle Shorts,349,999,65
HRX,4.2,3,Football Rapid-Dry Tshirts,449,899,50
HRX,,,Women Colourblocked T-shirt,349,699,50
HRX,4.1,4,U-17 Boys Lifestyle Tshirts,407,1199,6
HRX,4.1,3,Yoga Organic Cotton T-shirt,359,899,60
HRX,3.8,,Training Rapid-Dry T-shirt,494,899,45
HRX,,,Men Typography Printed T-shirt,494,1099,55
HRX,,,Girls Shorts,475,1399,6
HRX,4.2,12,Men Solid Lounge Sustainable T-shirt,494,899,45
HRX,4.4,8,Racketsport Rapid-Dry Tshirts,439,1099,6
HRX,4.4,,Lifestyle Bio-Wash Tshirts,319,799,60
HRX,,,Lifestyle Bio-Wash Tshirts,319,799,60
HRX,4.4,4,Training Rapid-Dry Tshirts,494,899,45
HRX,4.7,1,Active Rapid-Dry Tshirts,319,799,60
HRX,4.1,6,Lifestyle Bio-Wash Tshirts,384,699,45
HRX,4.6,1,Girls Striped Cotton Shorts,349,999,65
HRX,4.1,1,Training Bio-Wash Tshirts,494,899,45
HRX,4.6,4,Lifestyle Bio-Wash Tshirts,419,699,40
HRX,,,Lifestyle Bio-Wash Tshirts,384,699,45
HRX,3.8,2,Yoga Rapid-Dry Sustainable T-shirt,359,899,60
HRX,,,Boys Typography Printed T-shirt,399,999,60
HRX,4.4,11,Solid Round Neck T-shirt,439,799,45
HRX,4.4,2,Yoga Bio-Wash Tshirts,404,899,55
HRX,3.3,,Men Typography Printed T-shirt,440,899,51
HRX,4.7,,Lifestyle Bio-Wash Tshirts,384,699,45
HRX,4,3,Yoga Tshirts,439,1099,6
HRX,,,Men Pack of 3 Socks,265,699,62
HRX,4.8,,Training Rapid-Dry Tshirts,494,899,45
HRX,3.8,6,Lifestyle Bio-Wash Tshirts,419,699,40
HRX,4,1.5,Unisex 3 Pcs 4-Ply Facemasks,239,799,70
HRX,4.3,2,U-17 Girls Lifestyle Shorts,339,999,6
HRX,3.7,,Boys Cotton Lifestyle Shorts,449,899,50
HRX,4.8,,Active Rapid-Dry Tshirts,319,799,60
HRX,4.5,1,Lifestyle Bio-Wash Tshirts,384,699,45
HRX,4.5,1,Basketball Rapid-Dry Tshirt,439,1099,6
HRX,4.1,41,Running Bio-Wash Tshirt,419,699,40
HRX,4.3,1,Training Rapid-Dry Tshirt,449,899,50
HRX,4.6,,Lifestyle Bio-Wash Tshirts,384,699,45
HRX,3.4,,Boys Set of 3 Socks,454,699,35
HRX,4.3,28,Women Ankle Length Yoga Socks,209,699,70
HRX,,,Training Rapid-Dry Tops,494,1099,55
HRX,3.8,2,Lifestyle Bio-Wash Tshirts,419,699,40
HRX,4.6,3,Lifestyle Bio-Wash T-shirt,384,699,45
HRX,,,Lifestyle Bio-Wash T-shirt,384,699,45
HRX,3.6,1,Lifestyle Bio-Wash Tshirts,384,699,45
HRX,3.8,15,Printed Football T-shirt,449,899,50
HRX,,,Racketsport Rapid-Dry T-shirts,494,899,45
HRX,3.6,1,Men Yoga T-shirt,439,1099,6
HRX,,,Lifestyle Bio-Wash T-shirts,384,699,45
HRX,4.5,1,Basketball Rapid-Dry Tshirts,439,1099,6
HRX,3.6,1,Typography Print T-shirt,370,699,47
HRX,4.6,1,Lifestyle Bio-Wash T-shirt,384,699,45
HRX,,,Women Colourblocked T-shirt,449,999,55
HRX,4,4,Unisex Printed Face Towel,262,749,65
HRX,4.5,,Training Rapid-Dry Tshirts,494,899,45
HRX,4.3,4,Training Rapid-Dry Tshirts,359,899,6
HRX,4.6,1,Men Typography Printed T-shirt,370,699,47
HRX,4.6,,Training Rapid-Dry Tops,439,1099,60
HRX,4,,U-17 Boys Lifestyle T-shirts,359,599,4
HRX,4.5,2,U-17 Girls Lycra Shorts,431,1599,73
HRX,4.2,,U-17 Boys Bio-Wash Tshirts,319,799,60
HRX,4,,Training Rapid-Dry Tshirts,494,899,45
HRX,3.6,2,Men Typography Printed T-shirt,359,899,6
HRX,4.4,,Boys Pack of 3 Socks,419,699,40
HRX,4.5,6,U-17 Boys Lifestyle T-shirts,359,599,4
HRX,4.3,1,Lifestyle Bio-Wash Tshirts,384,699,45
HRX,4.8,,U-17 Boys Lifestyle T-shirts,329,599,4
HRX,,,U-17 Boys Lifestyle T-shirts,319,799,60
HRX,4.2,8,Yoga Organic Cotton Tshirts,359,899,6
HRX,5,,Women Typography Printed T-shirt,404,899,55
HRX,4.6,,Lifestyle Bio-Wash Tshirts,404,899,55
HRX,3.9,,Cricket Rapid-Dry Tshirts,359,899,60
HRX,,,U-17 Boys Bio-Wash Tshirts,479,799,4
HRX,,,Men Pack of 3 Socks,265,699,62
HRX,,,Women Colourblocked T-shirt,349,699,50
HRX,,,Boys Printed Lifestyle T-shirt,359,799,55
HRX,,,Boys Lifestyle T-shirt,419,999,58
HRX,4.7,2,U-17 Girls Active Shorts,475,1399,6
HRX,,,Boys Lifestyle T-shirt,419,999,58
HRX,4.4,6,Yoga T-shirt,439,1099,6
HRX,4.5,2,Yoga Organic Cotton T-shirts,439,1099,6
HRX,,,U-17 Girls Lifestyle Shorts,475,1399,6
HRX,4.7,,Girls Striped Cotton Shorts,419,1199,65
HRX,,,Boys Typography T-shirt,399,799,50
HRX,3.9,11,Lifestyle Bio-Wash Pure Cotton T-shirt,494,899,45
HRX,,,Boys Set of 3 Socks,349,699,50
HRX,5,,Boys Pack of 3 Socks,244,699,65
HRX,4.3,2,Training Rapid-Dry T-shirt,494,899,45
HRX,3.7,10,Pack of 3 Reusable 4-Ply Masks,299,999,70
HRX,4.2,1,Yoga Organic Cotton Sustainable T-shirt,359,899,60
HRX,,,U-17 Girls Lifestyle Shorts,475,1399,6
HRX,,,Boys Brand Logo Cotton T-shirt,399,799,50
HRX,4.7,,Girls Striped Cotton Shorts,419,1199,65
HRX,,,Boys Typography T-shirt,399,799,50
HRX,,,Boys Brand Logo Cotton T-shirt,399,799,50
HRX,3.9,11,Lifestyle Bio-Wash Pure Cotton T-shirt,494,899,45
HRX,4.5,5,U-17 Boys Active Shorts,419,1199,6
HRX,3.9,2,Training Rapid-Dry Tshirts,494,899,45
HRX,,,Training Rapid-Dry T-shirt,494,899,45
HRX,,,Outdoor Rapid-Dry Tshirts,494,899,45
HRX,4.2,6,Lifestyle Bio-Wash T-shirt,494,899,45
HRX,4.9,,Yoga Organic Cotton Tshirts,449,899,50
HRX,4.2,1,Racketsport Rapid-Dry T-shirts,494,899,45
HRX,4.6,3,Yoga Organic Cotton Tshirts,449,899,50
HRX,3.8,2,Outdoor Rapid-Dry T-shirts,494,899,45
HRX,5,,Training Rapid-Dry Tshirts,494,899,45
HRX,,,Men Typography Printed T-shirt,494,1099,55
HRX,,,Cotton Colorblocked T-shirt,449,999,55
HRX,,,Lifestyle Bio-Wash T-shirts,384,699,45
HRX,4.4,2,Training Rapid-Dry T-shirt,449,899,50
HRX,4.2,2,Yoga Sustainable T-shirt,439,1099,6
HRX,,,Men Typography Printed T-shirt,440,899,51
HRX,4.8,1,Training Rapid-Dry Tops,439,1099,60
HRX,4.7,1,Yoga Organic Cotton Tshirts,449,899,50
HRX,4.1,2,Lifestyle Bio-Wash Tshirts,384,699,45
HRX,4.4,1,Training Rapid-Dry Top,439,1099,60
HRX,4.2,5,Training Rapid-Dry Tshirts,494,899,45
HRX,4.3,5,Unisex Printed Face Towel,262,749,65
HRX,4.1,36,Printed Pure Cotton T-shirt,419,699,40
HRX,,,Lifestyle Bio-Wash T-shirts,384,699,45
HRX,4.1,4,Yoga Organic Cotton T-shirts,439,1099,6
HRX,,,Training Rapid-Dry Tshirts,494,899,45
HRX,,,Men Rapid-Dry Outdoor T-Shirt,409,999,59
HRX,4.4,2,Training Rapid-Dry T-shirt,449,899,50
HRX,,,Men Rapid Dry T-shirt,449,899,50
HRX,,,U-17 Girls Lifestyle Shorts,399,999,60
HRX,4.5,1,Lifestyle Bio-Wash T-shirt,384,699,45
HRX,4.1,2,Lifestyle Bio-Wash T-shirt,384,699,45
HRX,,,Women Brand Logo Printed T-shirt,404,899,55
HRX,4.2,6,Yoga Organic Cotton T-shirts,439,1099,6
HRX,4.2,2,Basketball Rapid-Dry Tshirts,439,1099,6
HRX,,,Women Colourblocked T-shirt,449,999,55
HRX,,,Men Rapid-Dry Training T-Shirt,405,699,42
HRX,4.3,52,Men Round Neck Running Pure Cotton T-shirt,494,899,45
HRX,,,U-17 Girls Lifestyle Shorts,399,999,60
HRX,4.9,,Football Rapid-Dry T-shirt,479,1199,60
HRX,4.2,1,Yoga Bio-Wash Pure Cotton T-shirt,384,699,45
HRX,4.5,7,Rapid-Dry Running T-shirt,494,899,45
HRX,,,Outdoor Rapid-Dry Tshirt,494,899,45
HRX,4.5,4,Lifestyle Bio-Wash T-shirt,419,699,40
HRX,,,Lifestyle Bio-Wash T-Shirts,384,699,45
HRX,4.2,41,Printed Round Neck Grey Melange T-shirt,419,699,40
HRX,4.1,3,Lifestyle Bio-Wash T-shirt,419,699,40
HRX,,,Men Printed Cotton T-shirt,370,699,47
HRX,,,Men Brand Logo Printed T-shirt,370,699,47
HRX,,,Men Printed Lifestyle T-shirt,370,699,47
HRX,4.8,,Lifestyle Bio-Wash T-shirts,384,699,45
HRX,3.9,1,Running Antimicrobial Tshirts,384,699,45
HRX,4.3,6,Women Regular Fit Sports Shorts,499,999,50
HRX,4.8,1,Football Rapid-Dry T-shirt,479,1199,60
HRX,4.4,12,Women Lifestyle Shorts,449,999,55
HRX,4.2,11,Yoga Organic Cotton T-shirt,439,1099,6
HRX,4.1,2,Training Rapid-Dry Tshirts,494,899,45
HRX,,,Men Extreme Deodorant 250 ml,314,449,30
HRX,4,12,Lifestyle Bio-Wash Pure Cotton T-shirt,359,899,6
HRX,,,Men Pack of 4 Socks,341,899,62
HRX,3.8,,Lifestyle Bio-Wash Tshirts,349,699,50
HRX,4.6,1,Lifestyle Bio-Wash Tshirts,384,699,45
HRX,4.5,6,Running Rapid-Dry Tshirts,359,899,60
HRX,4.9,2,Lifestyle Bio-Wash Tshirts,419,699,40
HRX,,,Lifestyle Bio-Wash Tshirts,349,699,50
HRX,4.2,2,Lifestyle Bio-Wash Tshirts,384,699,45
HRX,,,Men Pack of 3 Socks,383,799,52
HRX,4,,Lifestyle Bio-Wash T-shirts,419,699,40
HRX,4.4,4,Lifestyle Bio-Wash Tshirts,384,699,45
HRX,4.4,3,Men Cotton Printed T-shirt,359,899,6
HRX,4.2,5,Lifestyle Bio-Wash Tshirts,384,699,45
HRX,,,U-17 Girls Lifestyle Shorts,450,999,Rs
HRX,4.1,12,Printed Football T-shirt,494,899,45
HRX,4.3,,Yoga Bio-Wash Tshirts,449,999,55
HRX,4.2,9,Yoga Cotton Sustainable T-shirt,449,899,50
HRX,4.5,1,Basketball Rapid-Dry Tshirts,439,1099,6
HRX,,,Women Solid Cotton T-shirt,404,899,55
HRX,,,Women Printed Cotton T-shirt,404,899,55
HRX,,,Women Cotton Lifestyle Tshirt,439,1099,60
HRX,4,2,Unisex U-17 Running Cap,449,1499,70
HRX,4.3,2,Lifestyle Bio-Wash Tshirt,439,1099,60
HRX,,,Running Antimicrobial T-shirt,419,699,40
HRX,,,Women Solid T-shirt,349,699,50
HRX,4.8,1,Training Rapid-Dry Tshirt,449,899,50
HRX,,,Men Pack of 3 Socks,293,699,58
HRX,4.3,2,Basketball Rapid-Dry Tshirts,439,1099,6
HRX,3.9,7,Football Rapid-Dry Tshirt,449,899,50
HRX,,,Training Rapid-Dry T-shirt,494,899,45
HRX,,,Racketsport Rapid-Dry Tshirts,494,899,45
HRX,4.1,1.4,3 Pcs 4-Ply Face Masks,239,799,70
HRX,4.3,1,Running Rapid-Dry T-shirt,449,899,50
HRX,,,Training Slim-Fit T-shirt,494,899,45
HRX,,,Men Printed Rapid Dry T-shirt,449,899,50
HRX,3.9,1,Yoga Organic Cotton Tshirts,449,899,50
HRX,4.1,2,Yoga Organic Cotton Tshirts,449,899,50
HRX,4.4,2,Training Rapid-Dry Tshirts,494,899,45
HRX,4.2,3,Outdoor Rapid-Dry T-Shirt,439,1099,6
HRX,4.2,3,Yoga T-shirt,439,1099,6
HRX,4,3,Yoga  Tshirt,439,1099,6
HRX,4,5,Yoga Tshirt,439,1099,6
HRX,3.3,,Mens Set of 3 Socks,299,749,60
HRX,,,Lifestyle Bio-Wash T-shirts,494,899,45
HRX,4,,Men Typography Printed Loose T-shirt,440,899,51
HRX,,,Men Brand Logo Printed T-shirt,440,899,51
HRX,,,Men Printed T-shirt,440,899,51
HRX,,,Running Antimicrobial T-shirts,384,699,45
HRX,,,Lifestyle Bio-Wash T-shirt,384,699,45
HRX,,,Lifestyle Bio-Wash T-shirt,384,699,45
HRX,4.1,4,Football Rapid-Dry Tshirts,449,899,50
HRX,,,Men Printed Rapid Dry T-shirt,449,899,50
HRX,,,Men Rapid Dry T-shirt,449,899,50
HRX,4.5,2,Yoga Organic Cotton Tshirts,449,899,50
HRX,4.1,5,Yoga Organic Cotton T-shirt,439,1099,6
HRX,,,Lifestyle Bio-Wash Tshirts,384,699,45
HRX,4.3,1,U-17 Girls Lifestyle Shorts,339,999,6
HRX,,,Men Printed Cotton T-shirt,440,899,51
HRX,4.6,1,Yoga Organic Cotton Tshirts,449,899,50
HRX,4.3,4,Lifestyle Bio-Wash T-shirt,384,699,45
HRX,,,Men Typography Printed T-shirt,370,699,47
HRX,4.5,3,Unisex U-17 Drawstring Bag,479,1199,60
HRX,3.8,1,Men Typography Printed T-shirt,370,699,47
HRX,4.3,3,Lifestyle Bio-Wash T-shirt,384,699,45
HRX,4.5,,Men Printed Athleisure T-shirt,349,699,50
HRX,4.3,,Lifestyle Bio-Wash T-shirts,384,699,45
HRX,4.1,4,Football Rapid-Dry Tshirts,449,899,50
HRX,,,Lifestyle Bio-Wash Tshirts,384,699,45
HRX,,,Rapid-Dry Training T-Shirt,405,699,42
HRX,,,Training Rapid-Dry Tshirts,494,899,45
HRX,4.2,4,Men Yoga T-shirt,439,1099,6
HRX,4.1,1.3,Unisex 3 Pcs 4-Ply Facemasks,239,799,70
HRX,,,Cotton Bio-Wash T-shirt,384,699,45
HRX,,,Lifestyle Bio-Wash T-shirt,384,699,45
HRX,4.8,,Men Brand Logo Printed Slim Fit T-shirt,449,899,50
HRX,,,Lifestyle Bio-Wash Tshirts,384,699,45
HRX,4.7,,Women Cotton Yoga Solid Sustainable T-shirt,494,1099,55
HRX,4.3,1,Yoga Rapid-Dry Sustainable Tops,439,1099,60
HRX,,,Yoga Rapid-Dry Sustainable Tops,439,1099,60
HRX,4.4,5,Training Rapid-Dry Tshirts,439,1099,60
HRX,4.8,,Training Bio-Wash Tshirt,449,899,50
HRX,4,3,Lifestyle Bio-Wash T-shirt,384,699,45
HRX,3.3,,Lifestyle Bio-Wash Tshirts,384,699,45
HRX,4.3,,Lifestyle Bio-Wash Tshirts,384,699,45
HRX,4.3,2,Men Typography Printed T-shirt,359,899,6
HRX,4.1,,Unisex Printed Face Towel,454,1299,65
HRX,4.6,1,Training Rapid-Dry T-Shirt,439,1099,6
HRX,4.5,3,Yoga Tshirt,439,1099,6
HRX,,,Lifestyle Bio-Wash Tshirt,349,699,50
HRX,4.9,,Unisex Printed Face Towel,454,1299,65
HRX,,,Unisex Printed Face Towel,454,1299,65
HRX,4.6,4,Yoga Organic Cotton T-shirts,439,1099,6
HRX,3,,Lifestyle Bio-Wash T-shirt,384,699,45
HRX,4.7,2,U-17 Girls Lifestyle Tshirts,479,799,4
HRX,,,Lifestyle Bio-Wash T-shirt,384,699,45
HRX,3.9,10,Yoga Organic Cotton Tshirts,439,1099,6
HRX,3.6,,Lifestyle Bio-Wash Tshirts,384,699,45
HRX,4.4,1,Lifestyle Bio-Wash T-shirt,349,699,50
HRX,,,Escape For Men Deodorant 250 ml,314,449,30
HRX,3.7,1,Yoga Organic Cotton Tshirts,449,899,50
HRX,,,Yoga Bio-Wash Tshirts,449,999,55
HRX,3.9,3,Racket Sports Rapid-Dry Tshirt,439,1099,6
HRX,4.5,1,Yoga Bio-Wash Tshirts,404,899,55
HRX,4,4,Men Typography Printed T-shirt,349,699,50
HRX,3.3,,Lifestyle Bio-Wash Tshirts,419,699,40
HRX,,,Yoga Bio-Wash Tshirts,449,999,55
HRX,4.5,1,Yoga Bio-Wash Tshirts,404,899,55
HRX,,,Men Pack of 3 Socks,272,699,61
HRX,,,Escape For Men Deodorant 250 ml,314,449,30
HRX,,,Lifestyle Bio-Wash T-shirt,384,699,45
HRX,,,Lifestyle Bio-Wash T-shirt,384,699,45
HRX,,,Lifestyle Bio-Wash Tshirts,384,699,45
HRX,,,Lifestyle Bio-Wash Tshirts,349,699,50
HRX,,,Lifestyle Bio-Wash Tshirts,384,699,45
HRX,4,1,Lifestyle Bio-Wash Tshirts,384,699,45
HRX,4.6,,Brand Logo Cotton T-shirt,404,899,55
HRX,4,8,Printed Round Neck Pure Cotton T-shirt,419,699,40
HRX,,,Women Brand Logo Print T-shirt,404,899,55
HRX,4,18,Men Round Neck Running Pure Cotton T-shirt,419,699,40
HRX,,,Women Brand Logo T-shirt,404,899,55
HRX,,,Unisex Printed Face Towel,454,1299,65
HRX,,,Solid Training Top,494,1099,55
HRX,,,Women Typography Printed T-shirt,404,899,55
HRX,4.2,2,Men Cotton Printed T-shirt,359,899,6
HRX,4.1,3,Unisex U-17 Drawstring Bag,359,1199,70
HRX,4.5,5,Yoga T-shirt,439,1099,60
HRX,4.2,9,Yoga Tshirts,439,1099,6
HRX,4.1,5,Yoga Organic Cotton T-shirts,439,1099,6
HRX,4.5,1,Yoga Tshirt,439,1099,6
HRX,4.7,1,Running Rapid-Dry T-shirt,494,899,45
HRX,4.3,5,Yoga Organic Cotton T-shirts,439,1099,6
HRX,4.6,4,Yoga Organic Cotton T-shirts,439,1099,6
HRX,4.1,3,Yoga  Tshirt,439,1099,6
HRX,4.3,3,Yoga T-shirt,439,1099,6
HRX,4.6,,Yoga Rapid-Dry Sustainable T-shirt,494,1099,55
HRX,4,1,Men Running Rapid-Dry T-shirt,449,899,50
HRX,4.5,2,Running Rapid-Dry T-shirt,449,899,50
HRX,4.2,5,Racket Sports Rapid-Dry Tshirt,439,1099,6
HRX,,,Men Pack of 3 Socks,335,699,52
HRX,4.6,1,Unisex Solid Face Towel,349,999,65
HRX,3.4,2,Football Rapid-Dry Tshirts,479,1199,60
HRX,3.5,2,Football Rapid-Dry T-shirt,479,1199,6
HRX,4.5,1,Training Rapid-Dry T-shirt,494,899,45
HRX,4.3,3,Unisex Solid Face Towel,349,999,65
HRX,4.4,,Men Lifestyle Bio-Wash Tshirts,494,899,45
HRX,,,Printed Round Neck T-shirt,439,799,45
HRX,4.2,9,Unisex Cotton Baseball Cap,499,999,50
HRX,,,Printed T-shirt,494,899,45
HRX,,,Training Bio-Wash Tshirts,494,899,45
HRX,4.6,1,Training Rapid-Dry T-Shirt,439,1099,6
HRX,4.2,1,Training Rapid-Dry Tshirts,494,1099,55
HRX,3.9,1,Yoga Organic Cotton Tshirts,449,899,50
HRX,4.5,,Outdoor Rapid-Dry Tshirts,494,899,45
HRX,4.3,1,Yoga Organic Cotton Tshirts,449,899,50
HRX,4.6,2,Lifestyle Bio-Wash Tshirts,384,699,45
HRX,4.8,,Lifestyle Bio-Wash Tshirts,349,699,50
HRX,,,Men Typography Printed T-shirt,384,699,45
HRX,3,,Men Brand Logo Printed T-shirt,349,699,50
HRX,,,Men Print Detail T-shirt,440,899,51
HRX,4.3,4,Lifestyle Bio-Wash Tshirts,349,699,50
HRX,4.4,1,Men Brand Logo Printed T-shirt,384,699,45
HRX,,,Men Brand Logo Printed T-shirt,440,899,51
HRX,3.7,12,Solid Round Neck Pure Cotton T-shirt,419,699,40
HRX,4.1,1,Lifestyle Bio-Wash T-shirt,384,699,45
HRX,,,Lifestyle Bio-Wash Tshirt,349,699,50
HRX,,,Lifestyle Bio-Wash Tshirts,384,699,45
HRX,,,Lifestyle Bio-Wash Tshirts,384,699,45
HRX,,,Men Lifestyle Bio-Wash Tshirt,384,699,45
HRX,,,Lifestyle Bio-Wash Tshirts,384,699,45
HRX,,,Lifestyle Bio-Wash Tshirts,384,699,45
HRX,2.8,,Lifestyle Bio-Wash Tshirts,384,699,45
HRX,,,Training Rapid-Dry Tshirts,449,899,50
HRX,4.5,1,Yoga Organic Cotton Tshirts,449,899,50
HRX,4.7,1,Yoga Organic Cotton Tshirts,449,899,50
HRX,3.4,,Bio-Wash Athleisure T-shirt,349,699,50
HRX,,,Lifestyle Bio-Wash T-shirt,349,699,50
HRX,3.6,,Lifestyle Bio-Wash Tshirts,384,699,45
HRX,2.7,,Men Cotton Printed T-shirt,370,699,47
HRX,4.3,,Lifestyle Bio-Wash Tshirts,384,699,45
HRX,,,Cotton Bio-Wash Tshirts,384,699,45
HRX,3.8,,Men Printed T-shirt,370,699,47
HRX,,,Lifestyle Bio-Wash Tshirts,384,699,45
HRX,,,Lifestyle Bio-Wash Tshirts,384,699,45
HRX,,,Cotton Bio-Wash Tshirts,384,699,45
HRX,,,Lifestyle Bio-Wash Tshirts,384,699,45
HRX,,,Lifestyle Bio-Wash Tshirts,384,699,45
HRX,4.3,,Lifestyle Bio-Wash Tshirts,384,699,45
HRX,,,Lifestyle Bio-Wash Tshirts,384,699,45
HRX,4.1,1.1,Unisex 3 Pcs 4-Ply Facemasks,239,799,70
HRX,,,Lifestyle Bio-Wash Tshirt,384,699,45
HRX,2.6,,Lifestyle Bio-Wash Tshirts,384,699,45
HRX,4.4,1,Yoga Organic Cotton Tshirts,449,899,50
HRX,4.5,15.9,Running Rapid-Dry T-shirt,359,899,60
HRX,4.3,14.8,Slim Rapid Dry Raglan T-shirt,359,899,60
HRX,4.1,1.4,Seamless Padded Sports Bra,454,1299,65
HRX,,,Men Bio-Wash T-shirt,384,699,45
HRX,4,23,Lifestyle Innerwear Vests,274,549,50
HRX,4.3,68,Printed Round Neck T-shirt,359,899,60
HRX,4.3,8,Yoga Organic Cotton T-shirt,359,899,60
HRX,4.8,1,Men Brand Logo Printed T-shirt,479,799,40
HRX,4.2,5,Football Rapid-Dry T-shirt,479,1199,60
HRX,4.3,22,Lifestyle Antimicrobial Briefs,164,549,70
HRX,4.3,3,Training Antimicrobial Tshirts,384,699,45
HRX,,,Impact Deodorant 150 ml,244,349,30
HRX,4.1,1,Men Rapid-Dry Running T-Shirt,405,699,42
HRX,4.6,9,U-17 Boys Rapid-Dry Tshirts,319,799,6
HRX,,,Men Typography Printed T-shirt,494,1099,55
HRX,,,Men Printed T-shirt,494,1099,55
HRX,4.4,2,U-17 Boys Lifestyle Tshirts,359,599,4
HRX,3.6,1,Solid Goggle Style Face Shield,449,1499,70
HRX,,,Men Typography Printed T-shirt,494,1099,55
HRX,,,Men Printed T-shirt,494,1099,55
HRX,,,Men Typography Printed T-shirt,440,899,51
HRX,,,Men Printed T-shirt,494,1099,55
HRX,4.1,1,Brand Logo Running T-shirt,405,699,42
HRX,,,Men Typography Printed T-shirt,494,1099,55
HRX,4.4,39,Men Pack Of 3 Ankle Socks,194,649,70
HRX,4.5,1.7,Women Lifestyle Socks,202,449,55
HRX,4.5,1.1,Women Lifestyle Socks,179,449,60
HRX,4.3,1.7,RAPID-DRY Printed Active T-Shirt,439,1099,6
HRX,4.8,2,Women Brand Logo Printed T-shirt,399,799,50
HRX,4.3,21,Lifestyle Antimicrobial Briefs,192,549,65
HRX,4.4,32,Lifestyle Antimicrobial Trunk,247,549,55
HRX,4.3,97,Training Rapid Dry T-shirt,494,899,45
HRX,4.7,2,U-17 Girls Rapid-Dry Tshirts,479,799,4
HRX,,,Women Brand Logo Printed T-shirt,399,799,50
HRX,4,,Women Solid T-shirt,479,799,40
HRX,4.2,6,Training Rapid-Dry Tops,359,899,60
HRX,4.2,3,U-17 Girls Active Sports Bra,489,1399,6
HRX,4.4,62,Rapid Dry Sleeveless T-shirt,494,899,45
HRX,4.6,3,U-17 Boys Lifestyle Tshirts,369,999,6
HRX,3.6,4,Training Antimicrobial Tshirts,384,699,45
HRX,4.2,3,U-17 Boys Active Shorts,419,1199,6
HRX,4.1,5,Men Outdoor Bio-Wash T-shirt,359,899,6
HRX,4.1,3,Training Rapid-Dry Tshirt,399,999,60
HRX,4.3,4,U-17 Boys Lifestyle Track Pant,475,1399,6
HRX,4.2,5,Training Rapid-Dry Tshirt,449,899,50
HRX,4.4,8,Men Training Rapid-Dry Tshirts,359,899,6
HRX,4.1,52,Yoga Bio-Wash Pure Cotton T-shirt,419,699,40
HRX,4.4,5,Yoga Bio-Wash Tops,279,699,60
HRX,4.4,,Men Rapid Dry T-shirt,449,899,50
HRX,4.5,18,Printed Round Neck T-shirt,449,999,55
HRX,4,3,Running Rapid-Dry Tshirts,439,1099,60
HRX,4.5,8,Training Rapid-Dry Tshirts,439,1099,6
HRX,4.3,8,Training Rapid-Dry Tshirts,449,899,50
HRX,4,3,Football Rapid-Dry Tshirts,479,1199,6
HRX,4.8,2,U-17 Girls Active Shorts,475,1399,6
HRX,4.3,17,Basketball Bio-Wash Tshirt,359,899,6
HRX,4.5,2,Yoga Bio-Wash Tops,279,699,60
HRX,4.2,1,Yoga Bio-Wash Pure Cotton T-shirt,384,699,45
HRX,4.6,6,Training Rapid-Dry Tshirts,439,1099,6
HRX,4.5,12,Lifestyle Bio-Wash Tshirt,359,899,60
HRX,4.4,4,Yoga Bio-Wash Tops,279,699,60
HRX,4.5,13,Racket Sports Rapid-Dry Tank,449,999,55
HRX,4.6,8,Training Rapid-Dry Tshirts,494,899,45
HRX,4.5,4,U-17 Girls Lifestyle Shorts,475,1399,6
HRX,4.5,3,U-17 Girls Active Shorts,419,1399,70
HRX,4.6,4,Yoga Rapid-Dry Sustainable T-shirt,359,899,60
HRX,4.4,2,U-17 Girls Active T-shirt,271,799,6
HRX,4.9,1,Rapid-Dry Training T-Shirt,404,899,55
HRX,4.3,5,Yoga Tshirts,439,1099,60
HRX,4.6,2,Training Rapid-Dry Tshirts,439,1099,6
HRX,4.5,47,Women RapidDry Training Tshirt,494,899,45
HRX,4.2,50,Yoga Bio-Wash Pure Cotton T-shirts,384,699,45
HRX,4.3,5,Yoga Tshirts,439,1099,60
HRX,4.3,17,Basketball Bio-Wash Tshirt,359,899,6
HRX,4.6,2,Training Rapid-Dry Tshirts,439,1099,6
HRX,4.5,47,Women RapidDry Training Tshirt,494,899,45
HRX,4.2,50,Yoga Bio-Wash Pure Cotton T-shirts,384,699,45
HRX,4.3,4,Yoga Rapid-Dry Sustainable Tops,439,1099,60
HRX,4.4,17,Rapid-Dry Badminton T-shirt,399,799,50
HRX,,,Men Slim Fit Rapid Dry T-shirt,449,899,50
HRX,4.5,3,Running Camo T-shirt,439,1099,6
HRX,4.4,3,Yoga Tshirt,439,1099,6
HRX,3.9,4,Lifestyle Bio-Wash Pure Cotton T-shirt,439,1099,6
HRX,4.6,3,Running Rapid-Dry Tshirts,439,1099,6
HRX,4.2,5,Yoga Cotton Tshirt,404,899,55
HRX,4.4,7,Yoga Tshirts,439,1099,60
HRX,4.4,5,U-17 Girls Active Tights,441,1299,6
HRX,4.6,4,Training Antimicrobial Tshirts,384,699,45
HRX,4.3,3.2,Seamless Rapid Dry Yoga Bra,384,1099,65
HRX,,,Women Brand Logo T-shirt,399,799,50
HRX,4.3,62,Women Printed T-Shirt,359,899,6
HRX,4.4,2.7,Training Rapid Dry,349,699,50
HRX,,,Women Brand Logo Printed T-shirt,479,799,40
HRX,4.3,5,Running Antimicrobial Tshirts,419,699,40
HRX,4.4,87,Women Printed Running Pure Cotton T-shirt,359,899,60
HRX,4,,Print Detail T-shirt,479,799,40
HRX,4.2,2.4,Printed Pure Cotton T-shirt,349,699,50
HRX,5,,Women Printed Running T-shirt,404,899,55
HRX,4.4,1,Racket Sports Rapid-Dry Tshirt,399,999,60
HRX,4.2,3.3,Raglan Sleeved T-shirt,359,899,6
HRX,4.4,18,Lifestyle Bio-Wash Pure Cotton T-shirt,419,699,40
HRX,4.5,9,Training Rapid-Dry Tshirt,279,699,60
HRX,4.8,,Men Brand Logo Printed T-shirt,479,799,40
HRX,4.2,56,Printed Pure Cotton T-shirt,494,899,45
HRX,4.5,8,Yoga Bio-Wash Tshirts,359,899,60
HRX,4.3,3.5,Running Rapid Dry T-shirt,449,899,50
HRX,4.3,1.8,Rapid dry Running T-shirt,359,899,6
HRX,4.5,8,U-17 Boys Lifestyle Track Pant,489,1399,65
HRX,4.4,5,U-17 Boys Rapid-Dry Tshirts,279,799,6
HRX,4.1,10,Lifestyle Bio-Wash Tshirts,279,699,6
HRX,4.6,4,Training Rapid-Dry Tshirts,494,899,45
HRX,4,5,Football Rapid-Dry Tshirts,359,899,60
HRX,4.6,3,Women Yoga Typography Tshirt,439,1099,60
HRX,4.3,4,Training Rapid-Dry T-shirt,359,899,60
HRX,4.4,4,HRX-U-17 Active T-shirt,359,1199,70
HRX,4.5,6,Training Rapid-Dry Tshirts,439,1099,60
HRX,4.1,8,Training Rapid-Dry Tshirts,359,899,6
HRX,4.2,1.1,Dyed Round Neck Crop Pure Cotton T-shirt,439,1099,60
HRX,4.5,8,Training Rapid-Dry Tshirts,439,1099,6
HRX,4.5,3,Yoga T-shirt,439,1099,60
HRX,4.3,6,Women Training Printed T-shirt,359,899,60
HRX,4.2,5.2,Typography Cotton T-shirt,349,699,50
HRX,4.4,18,Boys Checked Sports T-shirt,299,999,70
HRX,4,3,Rapid-Dry Training T-Shirt,404,899,55
HRX,4.1,2,Rapid-Dry Training T-Shirt,404,899,55
HRX,4.6,5,U-17 Boys Rapid-Dry Tshirts,399,999,6
HRX,4.6,5,Football Rapid-Dry Tshirts,359,899,6
HRX,4.4,6,Running Rapid-Dry T-shirts,439,1099,6
HRX,4,,Men Rapid Dry T-shirt,449,899,50
HRX,4.5,4,U-17 Boys Active Shorts,479,1199,6
HRX,4.3,60,Yoga Bio-Wash Pure Cotton T-shirts,384,699,45
HRX,4.4,6,U-17 Boys Football Tshirt,419,1199,65
HRX,4.5,12,Training Rapid-Dry T-shirt,439,1099,6
HRX,4.7,3,Training Rapid-Dry T-shirt,359,899,60
HRX,4.5,16,Girls Set of 3 Ankle Socks,166,449,6
HRX,4.6,3,U-17 Girls Active Tshirts,479,1199,60
HRX,,,Lifestyle Bio-Wash T-shirts,384,699,45
HRX,4.3,,Men Rapid Dry T-shirt,449,899,50
HRX,4.4,96,Printed Round Neck T-shirt,449,899,50
HRX,4.2,7,Training Rapid-Dry Tshirts,359,899,6
HRX,4.3,2,U-17 Boys Active Shorts,359,1199,70
HRX,4,4,Training Rapid-Dry Tshirts,359,899,60
HRX,4.2,94,Men Running Rapid Dry T-Shirt,494,1099,55
HRX,4.2,5,Running Antimicrobial Tshirts,384,699,45
HRX,4.5,7,U-17 Girls Active Sports Bra,480,1299,6
HRX,4.5,7,U-17 Girls Active Sports Bra,480,1299,6
HRX,4.3,4,Lifestyle Bio-Wash Tshirts,359,899,60
HRX,4.2,5,U-17 Boys Lifestyle Tshirts,349,999,65
HRX,4.3,3,U-17 Girls Lifestyle Shorts,369,999,6
HRX,4.3,46,Men Printed Training T-shirt,359,899,6
HRX,4.8,2,Training Antimicrobial Tshirts,384,699,45
HRX,4.6,6,Women Cotton Bio-Wash Tshirts,359,899,60
HRX,4.4,9,Training Rapid-Dry Tshirts,359,899,6
HRX,4.2,5,Women Yoga Cotton Tshirt,359,899,60
HRX,4.2,14,Pack of 3 Striped Socks,203,599,6
HRX,4.4,12,Boys Checked Sports T-shirt,399,999,6
HRX,4,2,U-17 Boys Active Tshirts,407,1199,6
HRX,4.6,2,Yoga Tshirts,439,1099,60
HRX,4.2,,Cricket Rapid-Dry Tshirt,439,1099,60
HRX,4.3,4,U-17 Boys Active Tshirts,407,1199,6
HRX,4.2,15,Boys Pack Of 3 Above Ankle Socks,221,599,6
HRX,4.6,3,U-17 Girls Active T-shirt,271,799,6
HRX,4.3,1,Running Camo Tshirt,439,1099,60
HRX,4.3,1,Running Camo Tshirt,439,1099,60
HRX,4.4,16,Printed Rapid-Dry T-shirt,359,899,6
HRX,3.9,2,Cotton Yoga Melange Sustainable T-shirt,359,899,60
HRX,4.2,19,Pack of 3 Striped Socks,184,499,6
HRX,4.3,2,U-17 Girls Active T-shirt,279,799,6
HRX,4.5,1,Men Rapid-Dry Training T-Shirt,405,699,42
HRX,4.3,,Rapid-Dry Training T-Shirt,404,899,55
HRX,4.4,6,Boys Cotton Slim Fit Pure Cotton T-shirt,443,1199,6
HRX,4.3,5,U-17 Girls Lifestyle Shorts,407,1199,6
HRX,4.4,4,U-17 Boys Active Tshirts,407,1199,6
HRX,4.5,2,U-17 Boys Bio-Wash T-shirts,359,599,4
HRX,,,Boys Lifestyle Track Pants,479,1199,60
HRX,4,6,Training Antimicrobial Tshirts,384,699,45
HRX,4.3,10,Running Rapid-Dry T-shirt,494,899,45
HRX,4.5,3,Running Camo T-shirt,439,1099,6
HRX,4.2,5,Yoga Organic Cotton T-shirt,359,899,60
HRX,4.2,11,Yoga Organic Cotton T-shirt,359,899,60
HRX,4.3,7,U-17 Girls Active Sports Bra,480,1299,6
HRX,3.7,1,Boys Solid Cotton Joggers,479,1199,60
HRX,4.4,5,U-17 Girls Lifestyle Shorts,479,1199,6
HRX,4.4,4,U-17 Girls Lycra Shorts,479,1599,70
HRX,4.2,3,U-17 Girls Active Tshirts,239,799,70
HRX,4.3,6,Football Rapid-Dry T-shirt,449,899,50
HRX,4.3,4,U-17 Boys Active Shorts,475,1399,6
HRX,4.2,4,U-17 Boys Active Tshirts,419,1199,6
HRX,4.2,5,U-17 Boys Lifestyle Tshirts,319,799,60
HRX,4.5,6,Racket Sports Rapid-Dry Tshirt,439,1099,6
HRX,4.2,3,U-17 Boys Active Tshirts,407,1199,6
HRX,4.5,3,Yoga Tshirts,439,1099,60
HRX,4.5,5,U-17 Boys Lifestyle Shorts,419,1199,6
HRX,2.3,,Women Printed Cotton T-shirt,404,899,55
HRX,4.2,6,Typography Yoga T-shirt,439,1099,60
HRX,4.6,5,U-17 Boys Active Shorts,419,1499,72
HRX,4.3,4,Racket Sport Rapid-Dry T-shirt,439,1099,60
HRX,3.8,4,Football Rapid-Dry Tshirts,314,699,55
HRX,4.6,2,Lifestyle Bio-Wash Tshirt,359,899,60
HRX,4.4,4,U-17 Boys Active Shorts,419,1199,6
HRX,4.4,19,Pack of 3 Assorted AL Socks,221,599,6
HRX,4.2,6,Racket Sports Rapid-Dry,439,1099,6
HRX,4.1,4,U-17 Girls Active Shorts,475,1399,6
HRX,4.3,4,Outdoor Rapid-Dry Tshirt,439,1099,6
HRX,3.9,11,Lifestyle Typographic T-shirt,494,899,45
HRX,4.4,6,Training Melange T-shirt,419,699,40
HRX,4.6,4,U-17 Boys Active Tshirts,419,1199,6
HRX,4.4,18,Pack of 3 Striped Socks,192,549,65
HRX,4.4,6,Training Melange T-shirt,419,699,40
HRX,,,Football Rapid-Dry Tshirt,494,899,45
HRX,,,Running Antimicrobial T-shirt,384,699,45
HRX,4.6,1,U-17 Girls Lifestyle Shorts,419,1399,70
HRX,3.8,8,Printed Round Neck Pure Cotton T-shirt,419,699,40
HRX,3.8,8,Printed Round Neck Pure Cotton T-shirt,419,699,40
HRX,4.1,6,Yoga Organic Cotton T-shirt,449,899,50
HRX,4.1,4,U-17 Girls Active Tank Top,489,699,30
HRX,,,Solid Round Neck T-shirt,479,1199,6
HRX,4.2,41,Solid Boxy Top,404,899,55
HRX,4.1,7,Printed T-shirt,279,699,6
HRX,4.6,2,Women Brand Logo Printed T-shirt,399,799,50
HRX,4.4,9.4,Running Rapid-Dry T-shirt,359,899,60
HRX,4.3,3.3,Printed T-shirt,454,1299,65
HRX,4.4,8.1,Running Rapid-Dry T-shirt,359,899,60
HRX,,,Women Solid T-shirt,479,799,40
HRX,4.2,2.5,Men Regular Fit Sports Shorts,454,1299,65
HRX,4.7,14,Training Rapid-Dry Tshirts,384,699,45
HRX,4.7,14,Training Rapid-Dry Tshirts,384,699,45
HRX,4.3,,Women Brand Logo Printed T-shirt,479,799,40
HRX,4.4,2.1,Running Rapid-Dry Tank Top,359,899,60
HRX,4.5,9,Training Rapid-Dry Tshirts,494,899,45
HRX,4.4,6,Running Rapid-Dry Tshirts,319,799,6
HRX,4.4,75,Rapid Dry Training Tshirt,359,899,60
HRX,4.3,87,Outdoor Men Rapid-Dry T-shirt,319,799,6
HRX,,,Women Brand Logo T-shirt,399,799,50
HRX,4.4,7,Yoga Bio-Wash Tshirts,359,899,60
HRX,4.1,1.9,Solid Round Neck T-shirt,449,899,50
HRX,4.4,3,Cotton Yoga Melange Tshirt,449,899,50
HRX,4.2,75,Men Solid Training T-shirts,439,799,45
HRX,4.3,1.1,Women Printed Running Pure Cotton T-shirt,359,899,60
HRX,4.2,,Brand Logo Running T-shirt,405,699,42
HRX,4.3,47,Training Regular Fit Tshirt,359,899,6
HRX,4.2,4,Running Antimicrobial Tshirts,384,699,45
HRX,4.5,14,Training Rapid-Dry Tshirts,384,699,45
HRX,4.6,11,Training Rapid-Dry Tshirts,279,699,60
HRX,,,Pure Cotton Solid T-shirt,449,999,55
HRX,4.7,3,Training Rapid-Dry T-shirt,359,899,60
HRX,4.5,12,Training Rapid-Dry Tshirts,384,699,45
HRX,4,5,Women Yoga Cotton Tshirt,359,899,60
HRX,4.4,6,Outdoor Bio-Wash Tshirts,404,899,55
HRX,3.3,10,U-17 Active Printed Sweatshirt,419,1399,70
HRX,4.2,4,Rapid-Dry Training T-Shirt,404,899,55
HRX,4.5,3,Women Typography Printed T-shirt,399,799,50
HRX,4,1,Women Rapid Dry T-shirt,399,799,50
HRX,4.4,1,Men T-shirt,449,899,50
HRX,4.4,3.3,Rapid Dry Training T-shirt,419,699,40
HRX,4.4,9,U-17 Boys Lifestyle Track Pant,489,1399,65
HRX,4.6,10,Training Rapid-Dry Tshirts,279,699,60
HRX,4.5,4,Running Rapid-Dry Tshirts,439,1099,6
HRX,4.6,12,Training Rapid-Dry Tshirts,279,699,60
HRX,4.2,5,Training Rapid-Dry Tshirt,399,999,60
HRX,4.2,27,U-17 Girls Lycra Sports Bra,339,999,6
HRX,4.3,4,Running Antimicrobial Tshirts,384,699,45
HRX,,,Women Solid T-shirt,494,1099,55
HRX,4.4,4,Football Rapid-Dry Tshirts,479,1199,60
HRX,3.9,5,Training Antimicrobial Tshirts,349,699,50
HRX,4.2,4,Training Antimicrobial Tshirts,384,699,45
HRX,4.3,14,Printed Racket T-shirt,319,799,6
HRX,,,Women Solid T-shirt,449,999,55
HRX,4.6,4,Training Rapid-Dry T-shirt,359,899,60
HRX,4.4,1.5,Nautical Cotton T-shirt,359,899,60
HRX,4.7,1,Boys Lifestyle Track Pants,479,1199,60
HRX,4.4,5,Outdoor Bio-Wash Tshirts,404,899,55
HRX,4.4,15,Racket Sports Rapid-Dry Tank,449,999,55
HRX,4.3,93,Printed Round Neck T-shirt,279,699,60
HRX,4.2,5,Lifestyle Bio-Wash Tshirts,359,899,60
HRX,4.6,,Women Solid T-shirt,494,1099,55
HRX,4,6,Cotton Yoga Rapid-Dry Tshirts,359,899,60
HRX,4.6,9,Running Rapid-Dry Tshirts,399,999,60
HRX,4.4,5,Yoga Rapid-Dry Tshirt,359,899,60
HRX,4.1,4,Cotton Yoga Rapid-Dry Tshirts,359,899,60
HRX,4.1,40,Printed T-shirt,449,899,50
HRX,4.3,4,U-17 Boys Lifestyle Tshirts,319,799,6
HRX,4.5,8,Yoga Organic Cotton Sustainable T-shirt,359,899,60
HRX,4.4,6,U-17 Boys Lifestyle Joggers,480,1299,6
HRX,4.5,12,Men Regular Fit Sports Shorts,454,1299,65
HRX,4.4,48,Yoga Bio-Wash Tshirts,349,699,50
HRX,4.4,7,Training Rapid-Dry Tshirts,359,899,6
HRX,4.4,5,Training Antimicrobial T-shirt,384,699,45
HRX,3.8,7,Men Brand Logo Printed T-shirt,314,699,55
HRX,4.3,12,Training Rapid-Dry Tshirts,384,699,45
HRX,4.4,53,Printed Round Neck T-shirt,404,899,55
HRX,4.3,8,Women Colourblocked Asymmetric Tshirt,359,899,6
HRX,4.3,4,U-17 Girls Lifestyle Tshirts,319,799,6
HRX,4.3,2,Running Rapid-Dry T-shirt,494,899,45
HRX,4.6,16,Running Rapid-Dry Tshirt,494,899,45
HRX,4.3,7,U-17 Boys Lifestyle Track pant,480,1299,6
HRX,4.6,7,Training Rapid-Dry T-shirt,359,899,6
HRX,4.2,5,Football Rapid-Dry Tshirts,449,899,50
HRX,4.6,2,Racketsport Rapid-Dry Tshirts,439,1099,6
HRX,4.5,5,U-17 Girls Active T-shirt,295,799,6
HRX,4.5,5,U-17 Boys Active Shorts,443,1199,6
HRX,4.4,13,Yoga Cotton T-shirt,359,899,60
HRX,4.5,7,Black Training Camo Tshirts,439,1099,6
HRX,4.5,3,Lifestyle Bio-Wash T-shirt,359,899,60
HRX,4.4,5,U-17 Girls Track pants,441,1299,6
HRX,4.4,5,Training Antimicrobial T-shirt,384,699,45
HRX,4,2.4,Men Joggers,454,1299,65
HRX,4.4,7,U-17 Girls Track pants,441,1299,6
HRX,4.3,9,Yoga Organic Cotton T-shirt,439,1099,60
HRX,4.3,8,Typography Yoga T-shirt,439,1099,60
HRX,4.5,5,Training Rapid-Dry Tshirts,359,899,6
HRX,4.7,4,U-17 Girls Active T-shirt,319,799,6
HRX,4.3,8,Yoga Organic Cotton Tshirts,359,899,60
HRX,,,Men Striped Rapid Dry T-shirt,449,899,50
HRX,4.5,2,U-17 Boys Active Tshirts,419,1199,6
HRX,4.4,7,U-17 Girls Active Sports Bra,441,1299,6
HRX,4.6,16,Training Rapid-Dry Tshirts,384,699,45
HRX,,,Women Printed Cotton T-shirt,404,899,55
HRX,4.6,31,Running Rapid-Dry Tshirt,449,899,50
HRX,,,Rapid-Dry Training T-Shirt,404,899,55
HRX,4.5,5,Training Rapid-Dry T-shirt,404,899,55
HRX,4.4,45,Women Lifestyle Sports Shorts,439,1099,60
HRX,4.2,7,Yoga Cotton T-shirt,439,1099,60
HRX,4.3,5,Boys Cotton Slim Fit Pure Cotton T-shirt,443,1199,6
HRX,4.4,5,U-17 Boys Active Tshirts,419,1199,6
HRX,4.9,3,U-17 Girls Lifestyle T-shirt,349,999,65
HRX,4.6,5,Cotton Yoga Melange Tshirts,359,899,6
HRX,4.3,5,U-17 Boys Lifestyle Tshirt,279,799,65
HRX,4.4,6,Training Rapid-Dry Tshirt,399,999,60
HRX,4.5,4,U-17 Girls Active T-shirt,319,799,6
HRX,4.4,6,Lifestyle Bio-Wash T-shirt,359,899,60
HRX,4.3,8,Lifestyle Bio-Wash Pure Cotton T-shirt,359,899,60
HRX,3.9,10,Outdoor Rapid-Dry Tshirts,314,899,6
HRX,4.3,6,Yoga Organic Cotton T-shirts,359,899,60
HRX,4.4,19,U-17 Active Printed Tshirt,239,599,6
HRX,4.2,9,Yoga Tshirts,359,899,60
HRX,,,Women Solid T-shirt,449,999,55
HRX,4.5,14,Women Lifestyle Shorts,399,999,60
HRX,4.3,3,Outdoor Rapid-Dry Tshirts,439,1099,60
HRX,4.3,5,Lifestyle Bio-Wash Tshirts,359,899,60
HRX,4,,Men Rapid Dry T-shirt,449,899,50
HRX,4.1,,Printed  Pure Cotton T-shirt,439,799,45
HRX,4,2.2,Printed Cotton Pure Cotton T-shirt,494,899,45
HRX,4.4,,Boys Joggers,489,1399,65
HRX,4,8,Lightly Padded Sports Bra,489,1399,65
HRX,4.4,6,U-17 Boys Active Shorts,479,1199,6
HRX,4.3,7,Boys Cotton Slim Fit Pure Cotton T-shirt,479,1199,6
HRX,4.5,5,Cricket Rapid-Dry Tshirt,439,1099,60
HRX,4.6,6,Running Rapid-Dry Tshirts,359,899,60
HRX,4.4,6,Lifestyle Bio-Wash Tshirts,359,899,60
HRX,4.2,9,Yoga Organic Cotton T-shirt,359,899,60
HRX,4.5,5,Boys Back Print T-shirt,279,799,65
HRX,4.4,17,Women Yoga Lycra Tshirts,279,799,65
HRX,3.8,14,Lifestyle Bio-Wash Pure Cotton T-shirt,494,899,45
HRX,4.3,,RAPID-DRY Round Neck T-shirt,494,1099,55
HRX,4.7,4,U-17 Boys Active Shorts,480,1299,6
HRX,4.3,3,U-17 Girls Active Tshirts,479,1199,6
HRX,4.2,5,U-17 Girls Lifestyle Tshirt,479,799,40
HRX,4.1,8,Lifestyle Printed T-shirt,479,1199,60
HRX,4,5,U-17 Boys Lifestyle Shorts,443,1199,6
HRX,4.3,5,U-17 Girls Track Pants,441,1299,6
HRX,4.6,2,Yoga Tshirts,439,1099,60
HRX,4.4,3,Yoga Printed T-shirts,439,1099,60
HRX,4.3,,Solid Round Neck Pure Cotton T-shirt,349,699,50
HRX,,,U-17 Girls Lifestyle Shorts,479,1199,60
HRX,,,Men Striped Rapid Dry T-shirt,449,899,50
HRX,4.2,5,Racketsport Rapid-Dry Tshirts,454,1299,65
HRX,4.2,5,Racketsport Rapid-Dry Tshirts,454,1299,65
HRX,4.4,6,Training Rapid-Dry Tshirts,384,1099,65
HRX,4.2,9,Running Rapid-Dry Tshirts,384,1099,65
HRX,3.9,9,Lifestyle Bio-Wash T-shirt,384,699,45
HRX,4.5,6,Lifestyle Bio-Wash Tshirts,359,899,60
HRX,4.1,3,Lifestyle Bio-Wash Cotton Tee,404,899,55
HRX,4.3,4,U-17 Boys Active Shorts,443,1199,6
HRX,4.1,11,Lifestyle Bio-Wash Tshirt,384,699,45
HRX,4.4,6,Cricket Rapid-Dry Tshirts,384,1099,65
HRX,4.4,8,Yoga Organic Cotton T-shirt,439,1099,60
HRX,4.5,5,U-17 Girls Active T-shirt,319,799,6
HRX,3.7,4,Lifestyle Bio-Wash Pure Cotton T-shirt,359,899,60
HRX,4.3,5,U-17 Boys Active Tshirts,419,1199,6
HRX,4,3,Yoga Cotton T-shirt,439,1099,60
HRX,4.5,5,U-17 Boys Active Tshirts,479,1199,60
HRX,4.3,5,U-17 Boys Active Tshirts,419,1199,6
HRX,3.4,6,Training Rapid-Dry Tshirt,384,1099,65
HRX,4.5,9,Basketball Bio-Wash Pure Cotton T-shirt,449,899,50
HRX,4.3,8,Basketball Bio-Wash Tshirt,449,899,50
HRX,4,7,Lifestyle Bio-Wash Pure Cotton T-shirt,494,899,45
HRX,4.4,7,Lifestyle Bio-Wash Tshirt,449,899,50
HRX,4,7,Lifestyle Bio-Wash Pure Cotton T-shirt,494,899,45
HRX,4.2,9,Printed Round Neck Pure Cotton T-shirt,494,899,45
HRX,4.4,7,Lifestyle Bio-Wash Tshirt,449,899,50
HRX,4.3,8,Girls Twisted Detail T-shirt,399,999,60
HRX,4.4,6,Rapid Dry Football T-shirt,419,1199,65
HRX,4.2,29,Outdoor Rapid-Dry T-shirt,359,899,60
HRX,4.5,5,Boys Regular Fit Active Shorts,454,1299,65
HRX,4.2,19,Men Pure Cotton Yoga Organic Cotton T-shirt,494,899,45
HRX,4.4,3,U-17 Girls Lifestyle Pure Cotton T-shirt,349,999,65
HRX,4.4,3,U-17 Boys Lifestyle Pure Cotton T-shirt,319,799,60
HRX,4.3,10,Running Lycra Tshirts,439,799,45
HRX,4.5,5,U-17 Girls Lifestyle Pure Cotton T-shirt,319,799,6
HRX,4.2,4,Boys U-17 Active Lycra T-shirt,399,999,60
HRX,4.5,22,U-17 Boys Lifestyle Shorts,499,999,50
HRX,4.5,76,Women Solid T-shirt,419,1199,65
HRX,3.1,3,Men Sports Shorts,489,1399,65
HRX,4.2,2.4,Printed Cotton Pure Cotton T-shirt,384,699,45
HRX,4.4,5,Training Antimicrobial Tshirts,349,699,50
HRX,4,5,Outdoor Rapid-Dry Tshirts,449,1499,70
HRX,4,5,Men Lifestyle Track Pants,449,1499,70
HRX,4.2,7,Women Yoga Cotton Tshirt,314,899,6
HRX,4.2,59,Men Lifestyle Joggers,479,1199,60
HRX,4.3,11.8,Running Rapid Dry T-shirt,449,899,50
HRX,4.1,7,U-17 Girls Active Sports Bra,441,1299,6
HRX,4,5,Outdoor Bio-Wash Tshirts,494,899,45
